dataset,id,region,pixels,AbsRel,MAE_m,RMSE_m
DREDS-CatNovel,dreds110/dreds_catnovel_00070_0000,full,86632,0.005655449572836793,0.0026621746695876087,0.00763200649043491
DREDS-CatNovel,dreds110/dreds_catnovel_00070_0000,sensor_hole,9571,0.009168788349341272,0.004281569649440569,0.010377971829401216
DREDS-CatNovel,dreds110/dreds_catnovel_00070_0000,challenging_material,9149,0.02732129788009649,0.012177760460452573,0.020885186332523935
DREDS-CatNovel,dreds110/dreds_catnovel_00070_0000,depth_boundary,4425,0.033773316214511684,0.015553730753182018,0.022616645154442457
DREDS-CatNovel,dreds110/dreds_catnovel_00070_0036,full,86632,0.007557218296191497,0.0034825568747813267,0.008894136371835254
DREDS-CatNovel,dreds110/dreds_catnovel_00070_0036,sensor_hole,11151,0.016753280083168596,0.008099206575694379,0.014441805111397085
DREDS-CatNovel,dreds110/dreds_catnovel_00070_0036,challenging_material,7682,0.038500471356527295,0.017230334776324924,0.024486440164723657
DREDS-CatNovel,dreds110/dreds_catnovel_00070_0036,depth_boundary,4323,0.03692582496074134,0.016957829506232345,0.024933411459243576
DREDS-CatNovel,dreds110/dreds_catnovel_00070_0128,full,86632,0.005573139847114157,0.002605396773645847,0.006260661951273509
DREDS-CatNovel,dreds110/dreds_catnovel_00070_0128,sensor_hole,11108,0.009567341605269163,0.004527348817081644,0.0106118427023332
DREDS-CatNovel,dreds110/dreds_catnovel_00070_0128,challenging_material,6907,0.01620083699660577,0.007213182631943149,0.010338048584003208
DREDS-CatNovel,dreds110/dreds_catnovel_00070_0128,depth_boundary,4236,0.032465817184125015,0.014698688211702197,0.02186071923953073
DREDS-CatNovel,dreds110/dreds_catnovel_00070_0165,full,86632,0.010425097708253861,0.004958531364932022,0.010989196925519987
DREDS-CatNovel,dreds110/dreds_catnovel_00070_0165,sensor_hole,12220,0.025788869405713757,0.011310166771692847,0.01996468241850536
DREDS-CatNovel,dreds110/dreds_catnovel_00070_0165,challenging_material,4448,0.060132202191539245,0.02338801969593163,0.031094566529670797
DREDS-CatNovel,dreds110/dreds_catnovel_00070_0165,depth_boundary,3850,0.05025459657775782,0.021866732162314575,0.03220206994562856
DREDS-CatNovel,dreds110/dreds_catnovel_00070_0171,full,86632,0.011792091669563059,0.005017995189330796,0.011697757139778163
DREDS-CatNovel,dreds110/dreds_catnovel_00070_0171,sensor_hole,13736,0.01792830213124506,0.00770210976135821,0.015023015803513335
DREDS-CatNovel,dreds110/dreds_catnovel_00070_0171,challenging_material,14865,0.048536989495997815,0.019578303376151945,0.025242179781028468
DREDS-CatNovel,dreds110/dreds_catnovel_00070_0171,depth_boundary,4279,0.03911434865374932,0.016977377021722244,0.025337739859346037
DREDS-CatNovel,dreds110/dreds_catnovel_00092_0000,full,86632,0.011096896980673584,0.0047790148248246685,0.01571333695387429
DREDS-CatNovel,dreds110/dreds_catnovel_00092_0000,sensor_hole,12091,0.03109698757803764,0.012972469848829684,0.02866731880431089
DREDS-CatNovel,dreds110/dreds_catnovel_00092_0000,challenging_material,5678,0.10248143987063506,0.040304328420918856,0.0567337873763824
DREDS-CatNovel,dreds110/dreds_catnovel_00092_0000,depth_boundary,4827,0.03861430480533546,0.017362688481499005,0.03023980968258297
DREDS-CatNovel,dreds110/dreds_catnovel_00092_0036,full,86632,0.029893641972645206,0.011360441657829531,0.03846522187326537
DREDS-CatNovel,dreds110/dreds_catnovel_00092_0036,sensor_hole,12330,0.03865852828555656,0.015530074585383247,0.0349797037412843
DREDS-CatNovel,dreds110/dreds_catnovel_00092_0036,challenging_material,15202,0.14748671749623338,0.05297526023981054,0.09117057207302831
DREDS-CatNovel,dreds110/dreds_catnovel_00092_0036,depth_boundary,5266,0.06299937005672587,0.025181068991057282,0.051051313715353354
DREDS-CatNovel,dreds110/dreds_catnovel_00092_0128,full,86632,0.009472686680589381,0.004115583905388591,0.012072045476513546
DREDS-CatNovel,dreds110/dreds_catnovel_00092_0128,sensor_hole,12550,0.01914463760972343,0.008347738085989933,0.019700494511685773
DREDS-CatNovel,dreds110/dreds_catnovel_00092_0128,challenging_material,10849,0.03632407873227918,0.014715388484545728,0.029063832248776754
DREDS-CatNovel,dreds110/dreds_catnovel_00092_0128,depth_boundary,4939,0.03855520271619881,0.0168098324729161,0.028526135827349267
DREDS-CatNovel,dreds110/dreds_catnovel_00092_0165,full,86632,0.03278188086895581,0.013741993599458022,0.05019419669887064
DREDS-CatNovel,dreds110/dreds_catnovel_00092_0165,sensor_hole,19533,0.06628742592746527,0.02786827555652625,0.07102284523726783
DREDS-CatNovel,dreds110/dreds_catnovel_00092_0165,challenging_material,7498,0.28569550553480555,0.10989247435774921,0.16697302259752228
DREDS-CatNovel,dreds110/dreds_catnovel_00092_0165,depth_boundary,5106,0.07564668916159438,0.030416624275460415,0.06175831373510788
DREDS-CatNovel,dreds110/dreds_catnovel_00092_0171,full,86632,0.014712051605463293,0.006001129706875859,0.01847671709505282
DREDS-CatNovel,dreds110/dreds_catnovel_00092_0171,sensor_hole,15362,0.028443475287982706,0.011425458737733292,0.026368102684230534
DREDS-CatNovel,dreds110/dreds_catnovel_00092_0171,challenging_material,19762,0.0454000660193802,0.01635817763125193,0.026890876183661386
DREDS-CatNovel,dreds110/dreds_catnovel_00092_0171,depth_boundary,5088,0.055693105983992006,0.023266666006507737,0.04451797069317738
DREDS-CatNovel,dreds110/dreds_catnovel_00093_0000,full,86632,0.006686980552426614,0.003116302132009304,0.00948322132133872
DREDS-CatNovel,dreds110/dreds_catnovel_00093_0000,sensor_hole,10205,0.01322856748437853,0.0062478627339699055,0.018265593885896384
DREDS-CatNovel,dreds110/dreds_catnovel_00093_0000,challenging_material,9775,0.019909118412302713,0.008319293403869395,0.020017791364983176
DREDS-CatNovel,dreds110/dreds_catnovel_00093_0000,depth_boundary,4738,0.04020268025949072,0.018307803992029484,0.0315467068039924
DREDS-CatNovel,dreds110/dreds_catnovel_00093_0036,full,86632,0.009562443750543596,0.004445600931675704,0.015102059201472865
DREDS-CatNovel,dreds110/dreds_catnovel_00093_0036,sensor_hole,13777,0.021916559596121883,0.010652512614782571,0.030530446332214335
DREDS-CatNovel,dreds110/dreds_catnovel_00093_0036,challenging_material,8722,0.020516378487170934,0.008865852215590211,0.017003136471813427
DREDS-CatNovel,dreds110/dreds_catnovel_00093_0036,depth_boundary,5088,0.04742043235351769,0.021430821503576992,0.040678376245310385
DREDS-CatNovel,dreds110/dreds_catnovel_00093_0128,full,86632,0.009523407661194241,0.004484989127438862,0.011193531182917826
DREDS-CatNovel,dreds110/dreds_catnovel_00093_0128,sensor_hole,11273,0.019174865764556875,0.009018453891408651,0.01876483312271646
DREDS-CatNovel,dreds110/dreds_catnovel_00093_0128,challenging_material,5373,0.05649728075521384,0.024313419230841134,0.030759237238122634
DREDS-CatNovel,dreds110/dreds_catnovel_00093_0128,depth_boundary,4669,0.04256539931198243,0.019516137050188283,0.032682166229057584
DREDS-CatNovel,dreds110/dreds_catnovel_00093_0165,full,86632,0.020757116278478174,0.00964442993910626,0.029128787943233814
DREDS-CatNovel,dreds110/dreds_catnovel_00093_0165,sensor_hole,12589,0.03995397515763137,0.02202095225452193,0.06025557048619978
DREDS-CatNovel,dreds110/dreds_catnovel_00093_0165,challenging_material,11039,0.09462079994171077,0.03586897797445875,0.042549117508019034
DREDS-CatNovel,dreds110/dreds_catnovel_00093_0165,depth_boundary,4765,0.061976838979783615,0.03183868082097545,0.06598762677136998
DREDS-CatNovel,dreds110/dreds_catnovel_00093_0171,full,86632,0.015119714652348822,0.006646065456471578,0.01803611162244699
DREDS-CatNovel,dreds110/dreds_catnovel_00093_0171,sensor_hole,12723,0.020685711814818524,0.010515713636899326,0.03146471961368095
DREDS-CatNovel,dreds110/dreds_catnovel_00093_0171,challenging_material,7308,0.09525851610021796,0.03586794029805069,0.038976773075631584
DREDS-CatNovel,dreds110/dreds_catnovel_00093_0171,depth_boundary,5387,0.04383452745249239,0.02097384885288201,0.04442594395581817
DREDS-CatNovel,dreds110/dreds_catnovel_00094_0000,full,86632,0.009123380248977239,0.004177844009606151,0.011003892942867504
DREDS-CatNovel,dreds110/dreds_catnovel_00094_0000,sensor_hole,10037,0.009910205075049543,0.0047526960800733774,0.010698810629916828
DREDS-CatNovel,dreds110/dreds_catnovel_00094_0000,challenging_material,9093,0.055334201551373106,0.02432019774058753,0.030236452277212028
DREDS-CatNovel,dreds110/dreds_catnovel_00094_0000,depth_boundary,5137,0.03347447208377968,0.015364345610547859,0.02515648952629413
DREDS-CatNovel,dreds110/dreds_catnovel_00094_0036,full,86632,0.018647546762896424,0.008540292480242023,0.02438530272768456
DREDS-CatNovel,dreds110/dreds_catnovel_00094_0036,sensor_hole,15100,0.045852930834810866,0.021438597316378788,0.049027521083868666
DREDS-CatNovel,dreds110/dreds_catnovel_00094_0036,challenging_material,11537,0.05245006258820383,0.02135192276421562,0.025695708349310446
DREDS-CatNovel,dreds110/dreds_catnovel_00094_0036,depth_boundary,6091,0.05309714467594192,0.023244606217537933,0.043919812686964196
DREDS-CatNovel,dreds110/dreds_catnovel_00094_0128,full,86632,0.012489787762834803,0.005411293800352286,0.01234974402094324
DREDS-CatNovel,dreds110/dreds_catnovel_00094_0128,sensor_hole,12969,0.021774716989282107,0.009473459994896806,0.018637621455281292
DREDS-CatNovel,dreds110/dreds_catnovel_00094_0128,challenging_material,15894,0.04553799426382597,0.018357196704867622,0.024577110294778506
DREDS-CatNovel,dreds110/dreds_catnovel_00094_0128,depth_boundary,5080,0.037251746101661744,0.016625848782109463,0.027962015690194804
DREDS-CatNovel,dreds110/dreds_catnovel_00094_0165,full,86632,0.01835903287491674,0.00836613607729711,0.020131435983911605
DREDS-CatNovel,dreds110/dreds_catnovel_00094_0165,sensor_hole,13052,0.018450559255447776,0.010008991141371153,0.024852596543481167
DREDS-CatNovel,dreds110/dreds_catnovel_00094_0165,challenging_material,14042,0.06543518274990083,0.02322147711485374,0.030457988928107506
DREDS-CatNovel,dreds110/dreds_catnovel_00094_0165,depth_boundary,4949,0.04847256897421187,0.02412492623953512,0.05202288776206413
DREDS-CatNovel,dreds110/dreds_catnovel_00094_0171,full,86632,0.013011210032104226,0.005926052580561507,0.013168696670115252
DREDS-CatNovel,dreds110/dreds_catnovel_00094_0171,sensor_hole,13871,0.02332376658292875,0.009924790962094246,0.020796248924581578
DREDS-CatNovel,dreds110/dreds_catnovel_00094_0171,challenging_material,11989,0.046357978142531175,0.01792210802611124,0.024169772507467976
DREDS-CatNovel,dreds110/dreds_catnovel_00094_0171,depth_boundary,5082,0.03681117051192376,0.01710134742884878,0.03272227917192533
DREDS-CatNovel,dreds110/dreds_catnovel_00095_0000,full,86632,0.011433327473549705,0.005293717795857565,0.013503014663625749
DREDS-CatNovel,dreds110/dreds_catnovel_00095_0000,sensor_hole,9745,0.02335180321105332,0.011130887652250851,0.016359572064329995
DREDS-CatNovel,dreds110/dreds_catnovel_00095_0000,challenging_material,12413,0.05053928543220687,0.022903235099053083,0.03198130946968695
DREDS-CatNovel,dreds110/dreds_catnovel_00095_0000,depth_boundary,4661,0.04535224823538518,0.020570023764205372,0.030002720020425633
DREDS-CatNovel,dreds110/dreds_catnovel_00095_0036,full,86632,0.009488928423020125,0.004210813433862105,0.010483653744550021
DREDS-CatNovel,dreds110/dreds_catnovel_00095_0036,sensor_hole,13794,0.023849551770433117,0.010510803632275063,0.019251680170080443
DREDS-CatNovel,dreds110/dreds_catnovel_00095_0036,challenging_material,6313,0.04751787433761201,0.021033440082061504,0.028007837093416997
DREDS-CatNovel,dreds110/dreds_catnovel_00095_0036,depth_boundary,4631,0.043713094013222015,0.018687753569510916,0.027100541523167678
DREDS-CatNovel,dreds110/dreds_catnovel_00095_0128,full,86632,0.008082011585645768,0.003479740798531152,0.010447446384005759
DREDS-CatNovel,dreds110/dreds_catnovel_00095_0128,sensor_hole,11574,0.015119028473744654,0.006409859431208117,0.015460793701031905
DREDS-CatNovel,dreds110/dreds_catnovel_00095_0128,challenging_material,12758,0.03677002842285351,0.01493721657981131,0.02538629619674612
DREDS-CatNovel,dreds110/dreds_catnovel_00095_0128,depth_boundary,4513,0.046455385408310776,0.019733576196908898,0.029542144362220937
DREDS-CatNovel,dreds110/dreds_catnovel_00095_0165,full,86632,0.009462553180504018,0.004411386490908452,0.010197852386109848
DREDS-CatNovel,dreds110/dreds_catnovel_00095_0165,sensor_hole,14505,0.022563010783000565,0.010261843679938305,0.017802056642215472
DREDS-CatNovel,dreds110/dreds_catnovel_00095_0165,challenging_material,15137,0.019514784688862818,0.007936632937591804,0.014956957137867457
DREDS-CatNovel,dreds110/dreds_catnovel_00095_0165,depth_boundary,4395,0.049860910625262954,0.022278873559693563,0.03372124955554782
DREDS-CatNovel,dreds110/dreds_catnovel_00095_0171,full,86632,0.009068590015606927,0.0042722608919222495,0.00928362643089765
DREDS-CatNovel,dreds110/dreds_catnovel_00095_0171,sensor_hole,14163,0.014875180680170186,0.006889638446325603,0.014194368612506461
DREDS-CatNovel,dreds110/dreds_catnovel_00095_0171,challenging_material,14601,0.012966296567584312,0.005425780985046924,0.011727738838090643
DREDS-CatNovel,dreds110/dreds_catnovel_00095_0171,depth_boundary,4602,0.04638202425713708,0.0201236297129963,0.029492308065068334
DREDS-CatNovel,dreds110/dreds_catnovel_00101_0000,full,86632,0.010105640526919693,0.004690499876342285,0.010423961038356725
DREDS-CatNovel,dreds110/dreds_catnovel_00101_0000,sensor_hole,9512,0.008998628561543218,0.004056250208109943,0.00824223867173765
DREDS-CatNovel,dreds110/dreds_catnovel_00101_0000,challenging_material,14798,0.04639813361521638,0.021241595814285738,0.024190960292128277
DREDS-CatNovel,dreds110/dreds_catnovel_00101_0000,depth_boundary,5519,0.0261565421301683,0.012139606068673871,0.01779020266613768
DREDS-CatNovel,dreds110/dreds_catnovel_00101_0036,full,86632,0.014837776135349605,0.006624544490538472,0.01433478346995836
DREDS-CatNovel,dreds110/dreds_catnovel_00101_0036,sensor_hole,8777,0.017391582473487526,0.008316367735579682,0.012379672880883012
DREDS-CatNovel,dreds110/dreds_catnovel_00101_0036,challenging_material,14387,0.06307097540761308,0.027186478606156646,0.03272477745040282
DREDS-CatNovel,dreds110/dreds_catnovel_00101_0036,depth_boundary,5576,0.03236518196271554,0.014842041077324786,0.021547866908446272
DREDS-CatNovel,dreds110/dreds_catnovel_00101_0128,full,86632,0.010907947539060306,0.004424907031446428,0.009187043342428713
DREDS-CatNovel,dreds110/dreds_catnovel_00101_0128,sensor_hole,12375,0.017275488034488685,0.006681712133715851,0.012711880677273997
DREDS-CatNovel,dreds110/dreds_catnovel_00101_0128,challenging_material,16339,0.04173593869763594,0.0157740553496145,0.019664616298791404
DREDS-CatNovel,dreds110/dreds_catnovel_00101_0128,depth_boundary,5733,0.03002796617671624,0.012805483150124529,0.01857364307234443
DREDS-CatNovel,dreds110/dreds_catnovel_00101_0165,full,86632,0.010813579909166251,0.0050928942643822216,0.008861245492814664
DREDS-CatNovel,dreds110/dreds_catnovel_00101_0165,sensor_hole,17830,0.019224858104484033,0.008689883861124549,0.013855547454961868
DREDS-CatNovel,dreds110/dreds_catnovel_00101_0165,challenging_material,13590,0.02166695226619693,0.007642224665684591,0.012665763227336315
DREDS-CatNovel,dreds110/dreds_catnovel_00101_0165,depth_boundary,5283,0.03793749902249757,0.01583924879410401,0.022691587053442364
DREDS-CatNovel,dreds110/dreds_catnovel_00101_0171,full,86632,0.018562641953869485,0.008017460963963054,0.01295715312752254
DREDS-CatNovel,dreds110/dreds_catnovel_00101_0171,sensor_hole,12207,0.0170171096158348,0.007253089278357772,0.013639056500991311
DREDS-CatNovel,dreds110/dreds_catnovel_00101_0171,challenging_material,13946,0.06085733297882467,0.022909921851336622,0.028841227694176772
DREDS-CatNovel,dreds110/dreds_catnovel_00101_0171,depth_boundary,5684,0.030005808735780532,0.012741623594465599,0.01780384750384494
DREDS-CatNovel,dreds110/dreds_catnovel_00102_0000,full,86632,0.009053124444925363,0.0043572445056650685,0.0095097270032354
DREDS-CatNovel,dreds110/dreds_catnovel_00102_0000,sensor_hole,10856,0.014638154081438568,0.006925346270785581,0.017787304222872197
DREDS-CatNovel,dreds110/dreds_catnovel_00102_0000,challenging_material,8701,0.025675275434812617,0.011083805051401776,0.017321528278980734
DREDS-CatNovel,dreds110/dreds_catnovel_00102_0000,depth_boundary,5389,0.031329182103003735,0.014688923719929596,0.027640736760410203
DREDS-CatNovel,dreds110/dreds_catnovel_00102_0036,full,86632,0.009121538049658911,0.00445054749694103,0.018656107378363783
DREDS-CatNovel,dreds110/dreds_catnovel_00102_0036,sensor_hole,15447,0.020849412416135762,0.010733754368841497,0.03593314064689945
DREDS-CatNovel,dreds110/dreds_catnovel_00102_0036,challenging_material,12175,0.020083529858172026,0.008469596168588564,0.01388476980787328
DREDS-CatNovel,dreds110/dreds_catnovel_00102_0036,depth_boundary,5311,0.04137284039834457,0.019844404874694615,0.04443047626297846
DREDS-CatNovel,dreds110/dreds_catnovel_00102_0128,full,86632,0.01961716672751615,0.008003905228393232,0.0269908340021924
DREDS-CatNovel,dreds110/dreds_catnovel_00102_0128,sensor_hole,11436,0.03350277365763446,0.013651885154802677,0.03374570271506725
DREDS-CatNovel,dreds110/dreds_catnovel_00102_0128,challenging_material,14311,0.09256350284481343,0.0360751140230932,0.06445506034920347
DREDS-CatNovel,dreds110/dreds_catnovel_00102_0128,depth_boundary,5509,0.04647580305913343,0.019958251686575713,0.035574211060132414
DREDS-CatNovel,dreds110/dreds_catnovel_00102_0165,full,86632,0.022277710423806673,0.010876836294581966,0.04444812999198055
DREDS-CatNovel,dreds110/dreds_catnovel_00102_0165,sensor_hole,14460,0.04792513034959955,0.024762856014289302,0.07848143187705953
DREDS-CatNovel,dreds110/dreds_catnovel_00102_0165,challenging_material,9164,0.12673927917466044,0.05404794008346272,0.11225103012187222
DREDS-CatNovel,dreds110/dreds_catnovel_00102_0165,depth_boundary,5895,0.062242346639606504,0.02943760884627131,0.07455782410376878
DREDS-CatNovel,dreds110/dreds_catnovel_00102_0171,full,86632,0.026874638263897545,0.009907823357679847,0.023281355828129437
DREDS-CatNovel,dreds110/dreds_catnovel_00102_0171,sensor_hole,14293,0.05628003803658743,0.018769981543261986,0.036150816010649636
DREDS-CatNovel,dreds110/dreds_catnovel_00102_0171,challenging_material,13245,0.12724587727887912,0.04005692668256331,0.051979939375827754
DREDS-CatNovel,dreds110/dreds_catnovel_00102_0171,depth_boundary,5981,0.05089254335751277,0.021891661824201027,0.04519337233922077
DREDS-CatNovel,dreds110/dreds_catnovel_00144_0000,full,86632,0.005263961167726003,0.0025467143547739696,0.006712108866605811
DREDS-CatNovel,dreds110/dreds_catnovel_00144_0000,sensor_hole,10216,0.012198522303409981,0.005965927378008304,0.010749347194632254
DREDS-CatNovel,dreds110/dreds_catnovel_00144_0000,challenging_material,8765,0.018606682256001403,0.008322185427545481,0.015038341036464996
DREDS-CatNovel,dreds110/dreds_catnovel_00144_0000,depth_boundary,3111,0.03573410671499609,0.01686919568934574,0.024499855441489554
DREDS-CatNovel,dreds110/dreds_catnovel_00144_0036,full,86632,0.004581149677304897,0.0022373258742789436,0.005608599366519925
DREDS-CatNovel,dreds110/dreds_catnovel_00144_0036,sensor_hole,11619,0.010007314816764302,0.00495489878266247,0.009759705569740557
DREDS-CatNovel,dreds110/dreds_catnovel_00144_0036,challenging_material,5349,0.02028547883990167,0.009513611954202115,0.015200646836843183
DREDS-CatNovel,dreds110/dreds_catnovel_00144_0036,depth_boundary,3088,0.031304964161928926,0.015051062078905228,0.0223320406461066
DREDS-CatNovel,dreds110/dreds_catnovel_00144_0128,full,86632,0.008776453576162642,0.003908389522732323,0.009890540198516748
DREDS-CatNovel,dreds110/dreds_catnovel_00144_0128,sensor_hole,15360,0.015764594448440902,0.007120710289260993,0.013294714531279544
DREDS-CatNovel,dreds110/dreds_catnovel_00144_0128,challenging_material,11022,0.03905750805127648,0.016322240487587385,0.024626256642142096
DREDS-CatNovel,dreds110/dreds_catnovel_00144_0128,depth_boundary,3327,0.03906234926491272,0.017306167942502313,0.026355548169162857
DREDS-CatNovel,dreds110/dreds_catnovel_00144_0165,full,86632,0.016024345800819486,0.007579854951416514,0.015114962065297341
DREDS-CatNovel,dreds110/dreds_catnovel_00144_0165,sensor_hole,13701,0.028719336249826272,0.012418341533553557,0.020077828452816488
DREDS-CatNovel,dreds110/dreds_catnovel_00144_0165,challenging_material,9332,0.06099003326196239,0.022860969592842277,0.034869421224408496
DREDS-CatNovel,dreds110/dreds_catnovel_00144_0165,depth_boundary,3659,0.05413223509097337,0.0223138854375919,0.03285744854779499
DREDS-CatNovel,dreds110/dreds_catnovel_00144_0171,full,86632,0.009181632554811664,0.004046443011104284,0.008836168933876842
DREDS-CatNovel,dreds110/dreds_catnovel_00144_0171,sensor_hole,12197,0.01450989704619174,0.006328127306387484,0.01183904041729339
DREDS-CatNovel,dreds110/dreds_catnovel_00144_0171,challenging_material,12357,0.032692467670645355,0.012438143508916843,0.019680473096549723
DREDS-CatNovel,dreds110/dreds_catnovel_00144_0171,depth_boundary,3295,0.03951086183757672,0.0161229839455195,0.02373072370680427
DREDS-CatNovel,dreds110/dreds_catnovel_00159_0000,full,86632,0.005563652989839394,0.0026678545996498583,0.007271940507050328
DREDS-CatNovel,dreds110/dreds_catnovel_00159_0000,sensor_hole,10489,0.006675422396380983,0.0033370520380070876,0.010570336328266254
DREDS-CatNovel,dreds110/dreds_catnovel_00159_0000,challenging_material,2664,0.0418064183028319,0.019473432778596162,0.02157244587377914
DREDS-CatNovel,dreds110/dreds_catnovel_00159_0000,depth_boundary,2895,0.041305156459688505,0.019413836776489626,0.029630486129939057
DREDS-CatNovel,dreds110/dreds_catnovel_00159_0036,full,86632,0.006585409805921306,0.003071488673413534,0.009692750930922171
DREDS-CatNovel,dreds110/dreds_catnovel_00159_0036,sensor_hole,10734,0.012944605939431813,0.006118569579319024,0.01894193131883495
DREDS-CatNovel,dreds110/dreds_catnovel_00159_0036,challenging_material,10234,0.028480040689502297,0.012191374721950168,0.020772697603271207
DREDS-CatNovel,dreds110/dreds_catnovel_00159_0036,depth_boundary,3180,0.05270716023693744,0.023857502761127063,0.04057898653186363
DREDS-CatNovel,dreds110/dreds_catnovel_00159_0128,full,86632,0.005463158928930979,0.0025422994925662283,0.008464927148417112
DREDS-CatNovel,dreds110/dreds_catnovel_00159_0128,sensor_hole,13629,0.010602899836338575,0.004915748404620355,0.013607539880613405
DREDS-CatNovel,dreds110/dreds_catnovel_00159_0128,challenging_material,8330,0.026036869827969017,0.011277272807163638,0.020953803971018634
DREDS-CatNovel,dreds110/dreds_catnovel_00159_0128,depth_boundary,2994,0.04145900435451106,0.019380586787948788,0.03311488855269494
DREDS-CatNovel,dreds110/dreds_catnovel_00159_0165,full,86632,0.01835483583009643,0.008499716870126902,0.03171839738756709
DREDS-CatNovel,dreds110/dreds_catnovel_00159_0165,sensor_hole,13877,0.054621508600508684,0.02599115269521029,0.06414819055789481
DREDS-CatNovel,dreds110/dreds_catnovel_00159_0165,challenging_material,7042,0.1449515435409801,0.056781001992098346,0.08155724289129469
DREDS-CatNovel,dreds110/dreds_catnovel_00159_0165,depth_boundary,3683,0.07105653016223648,0.035339726658576924,0.06804196208487245
DREDS-CatNovel,dreds110/dreds_catnovel_00159_0171,full,86632,0.01894905154925069,0.008112561875490372,0.024463792375085756
DREDS-CatNovel,dreds110/dreds_catnovel_00159_0171,sensor_hole,15766,0.04574303648422587,0.01999486578678277,0.042693581985598486
DREDS-CatNovel,dreds110/dreds_catnovel_00159_0171,challenging_material,11613,0.09541858927787596,0.036731376649899596,0.05407458732331992
DREDS-CatNovel,dreds110/dreds_catnovel_00159_0171,depth_boundary,3895,0.06966375847772656,0.03149045289557461,0.05283401516082914
DREDS-CatNovel,dreds110/dreds_catnovel_00162_0000,full,86632,0.009379415359676832,0.004393809495903314,0.011652809008425642
DREDS-CatNovel,dreds110/dreds_catnovel_00162_0000,sensor_hole,12282,0.010662659310283033,0.005143313697331349,0.011761711426442948
DREDS-CatNovel,dreds110/dreds_catnovel_00162_0000,challenging_material,19396,0.02425155160124394,0.010846840168156804,0.019226571370696617
DREDS-CatNovel,dreds110/dreds_catnovel_00162_0000,depth_boundary,6872,0.037292803477980224,0.017386967144967236,0.027473225879792205
DREDS-CatNovel,dreds110/dreds_catnovel_00162_0036,full,86632,0.014560745172955842,0.006678735686491726,0.016213378851412948
DREDS-CatNovel,dreds110/dreds_catnovel_00162_0036,sensor_hole,11223,0.0180370356931755,0.008801536589587404,0.021391136655462956
DREDS-CatNovel,dreds110/dreds_catnovel_00162_0036,challenging_material,11306,0.07535847732996181,0.032536214895318424,0.03732905495364352
DREDS-CatNovel,dreds110/dreds_catnovel_00162_0036,depth_boundary,6437,0.050862632078291524,0.023678349674498052,0.03522289615151897
DREDS-CatNovel,dreds110/dreds_catnovel_00162_0128,full,86632,0.01835680712399955,0.007705224509871185,0.018092659165734673
DREDS-CatNovel,dreds110/dreds_catnovel_00162_0128,sensor_hole,16337,0.028453835816210797,0.012531123692821375,0.025491285618130886
DREDS-CatNovel,dreds110/dreds_catnovel_00162_0128,challenging_material,22221,0.05482816015922824,0.02157129976940511,0.02916476159653587
DREDS-CatNovel,dreds110/dreds_catnovel_00162_0128,depth_boundary,6670,0.05655786866191697,0.02492813348233968,0.039005301852287254
DREDS-CatNovel,dreds110/dreds_catnovel_00162_0165,full,86632,0.01795373886558321,0.008559042265366424,0.020170244440607565
DREDS-CatNovel,dreds110/dreds_catnovel_00162_0165,sensor_hole,20490,0.0276298405530418,0.012422159740318607,0.024815573545137793
DREDS-CatNovel,dreds110/dreds_catnovel_00162_0165,challenging_material,16404,0.030034923391445995,0.01182499251418566,0.01964264907801849
DREDS-CatNovel,dreds110/dreds_catnovel_00162_0165,depth_boundary,6912,0.06613478173338377,0.03070211037562263,0.05292762541282037
DREDS-CatNovel,dreds110/dreds_catnovel_00162_0171,full,86632,0.028462380741861467,0.012545645621916806,0.020741276628462712
DREDS-CatNovel,dreds110/dreds_catnovel_00162_0171,sensor_hole,15886,0.04254538298734975,0.018517750575547554,0.028591777699017596
DREDS-CatNovel,dreds110/dreds_catnovel_00162_0171,challenging_material,15789,0.08080623944651857,0.030916383093701583,0.03546629450056998
DREDS-CatNovel,dreds110/dreds_catnovel_00162_0171,depth_boundary,7358,0.06360832876295816,0.02703336504173849,0.04051884814489288
DREDS-CatNovel,dreds110/dreds_catnovel_00163_0000,full,86632,0.012450911373484131,0.005606910062979458,0.015495691569433638
DREDS-CatNovel,dreds110/dreds_catnovel_00163_0000,sensor_hole,11016,0.02347106938213108,0.010871043313800552,0.02372156268087646
DREDS-CatNovel,dreds110/dreds_catnovel_00163_0000,challenging_material,4343,0.11490241881324265,0.04883803132489999,0.057706129494218085
DREDS-CatNovel,dreds110/dreds_catnovel_00163_0000,depth_boundary,5623,0.052421358259201425,0.02375669826419036,0.0365012108282463
DREDS-CatNovel,dreds110/dreds_catnovel_00163_0036,full,86632,0.014984529183146926,0.006995269784634876,0.014472024812397306
DREDS-CatNovel,dreds110/dreds_catnovel_00163_0036,sensor_hole,15572,0.026173904992224467,0.012224626252530566,0.023854666489975397
DREDS-CatNovel,dreds110/dreds_catnovel_00163_0036,challenging_material,15751,0.036137348914709315,0.016569082836947073,0.025291276151746974
DREDS-CatNovel,dreds110/dreds_catnovel_00163_0036,depth_boundary,5385,0.05370952800140645,0.02387292533974572,0.03448439804259239
DREDS-CatNovel,dreds110/dreds_catnovel_00163_0128,full,86632,0.019132319112723686,0.008780667886670491,0.013318889238442277
DREDS-CatNovel,dreds110/dreds_catnovel_00163_0128,sensor_hole,11888,0.029251571463829635,0.013688400630935686,0.022130722064050465
DREDS-CatNovel,dreds110/dreds_catnovel_00163_0128,challenging_material,3259,0.0470017325443248,0.017793579165940637,0.026673246809930176
DREDS-CatNovel,dreds110/dreds_catnovel_00163_0128,depth_boundary,5953,0.048919135629624744,0.021808073342637457,0.03323917301606105
DREDS-CatNovel,dreds110/dreds_catnovel_00163_0165,full,86632,0.01959021494257186,0.008528821333735061,0.01979888235856856
DREDS-CatNovel,dreds110/dreds_catnovel_00163_0165,sensor_hole,14833,0.025376278652661892,0.011655274089201023,0.024651918843530685
DREDS-CatNovel,dreds110/dreds_catnovel_00163_0165,challenging_material,3774,0.20223216869803431,0.062069319847973176,0.06531057330333591
DREDS-CatNovel,dreds110/dreds_catnovel_00163_0165,depth_boundary,5562,0.059602686813286704,0.02656596526637518,0.043784303927042585
DREDS-CatNovel,dreds110/dreds_catnovel_00163_0171,full,86632,0.014217811891620127,0.006103978141686826,0.015009992383075784
DREDS-CatNovel,dreds110/dreds_catnovel_00163_0171,sensor_hole,13311,0.03645946774413891,0.01555270645505776,0.0268933786616643
DREDS-CatNovel,dreds110/dreds_catnovel_00163_0171,challenging_material,7201,0.078175859540274,0.03232438760306368,0.0381319039903732
DREDS-CatNovel,dreds110/dreds_catnovel_00163_0171,depth_boundary,5778,0.05525818747424283,0.023741402513389152,0.03646231685465795
DREDS-CatNovel,dreds110/dreds_catnovel_00164_0000,full,86632,0.020928335306945395,0.010127392189758,0.013641429002414968
DREDS-CatNovel,dreds110/dreds_catnovel_00164_0000,sensor_hole,10580,0.027042204693500774,0.013104487507690329,0.02142323990897809
DREDS-CatNovel,dreds110/dreds_catnovel_00164_0000,challenging_material,7639,0.024519478547665903,0.010121150511630404,0.021842527894117152
DREDS-CatNovel,dreds110/dreds_catnovel_00164_0000,depth_boundary,4297,0.050775426745902144,0.02299010807729361,0.03506285964050819
DREDS-CatNovel,dreds110/dreds_catnovel_00164_0036,full,86632,0.024394823821699937,0.009726284722499057,0.030130236974290528
DREDS-CatNovel,dreds110/dreds_catnovel_00164_0036,sensor_hole,15894,0.05822390801196696,0.025423485300549026,0.053068665237969596
DREDS-CatNovel,dreds110/dreds_catnovel_00164_0036,challenging_material,8425,0.1523605917135819,0.051078682002398665,0.06691644838469603
DREDS-CatNovel,dreds110/dreds_catnovel_00164_0036,depth_boundary,4907,0.07953322764773368,0.03291998059924032,0.05912512854099651
DREDS-CatNovel,dreds110/dreds_catnovel_00164_0128,full,86632,0.008339022268117655,0.003737797206051848,0.011833950692451531
DREDS-CatNovel,dreds110/dreds_catnovel_00164_0128,sensor_hole,12495,0.02122374013269156,0.009618914914446003,0.025331883477978094
DREDS-CatNovel,dreds110/dreds_catnovel_00164_0128,challenging_material,2534,0.051931112190791245,0.019693317440145113,0.03761252477211671
DREDS-CatNovel,dreds110/dreds_catnovel_00164_0128,depth_boundary,4593,0.053209277681133,0.02292596807854642,0.03893339087556117
DREDS-CatNovel,dreds110/dreds_catnovel_00164_0165,full,86632,0.029237152732240437,0.01499796592566718,0.02693659457579536
DREDS-CatNovel,dreds110/dreds_catnovel_00164_0165,sensor_hole,13495,0.04636625898231492,0.025271769977137086,0.052617131146055755
DREDS-CatNovel,dreds110/dreds_catnovel_00164_0165,challenging_material,7675,0.02562578116906018,0.009275621358268812,0.013033217031023146
DREDS-CatNovel,dreds110/dreds_catnovel_00164_0165,depth_boundary,4554,0.07395594669811423,0.03643646778691794,0.06793282501810749
DREDS-CatNovel,dreds110/dreds_catnovel_00164_0171,full,86632,0.014489147132464648,0.006619262362241481,0.018902304261377702
DREDS-CatNovel,dreds110/dreds_catnovel_00164_0171,sensor_hole,13745,0.028833524784722897,0.014193529211507792,0.03500648119851435
DREDS-CatNovel,dreds110/dreds_catnovel_00164_0171,challenging_material,15446,0.025895738917870687,0.010531028664885415,0.018734177855949472
DREDS-CatNovel,dreds110/dreds_catnovel_00164_0171,depth_boundary,4790,0.06061007826967091,0.026207128565346273,0.04734288279908685
DREDS-CatNovel,dreds110/dreds_catnovel_00165_0000,full,86632,0.013038531194050657,0.00582812497661829,0.015325813518666596
DREDS-CatNovel,dreds110/dreds_catnovel_00165_0000,sensor_hole,11117,0.01855376686246842,0.00823170549311719,0.017650294465622593
DREDS-CatNovel,dreds110/dreds_catnovel_00165_0000,challenging_material,9302,0.08164562539226375,0.03555570787267002,0.03928132534808433
DREDS-CatNovel,dreds110/dreds_catnovel_00165_0000,depth_boundary,4013,0.06343243180283266,0.028342098027371185,0.03880911616762217
DREDS-CatNovel,dreds110/dreds_catnovel_00165_0036,full,86632,0.012351587892279631,0.005360352731838661,0.012910607159913786
DREDS-CatNovel,dreds110/dreds_catnovel_00165_0036,sensor_hole,15869,0.01907453096465234,0.008315381385013672,0.01771789546253874
DREDS-CatNovel,dreds110/dreds_catnovel_00165_0036,challenging_material,19124,0.034015186055502675,0.013152475428491475,0.02308327903326808
DREDS-CatNovel,dreds110/dreds_catnovel_00165_0036,depth_boundary,5077,0.0607078402612414,0.02533140260214784,0.037331959226632204
DREDS-CatNovel,dreds110/dreds_catnovel_00165_0128,full,86632,0.018416878672283955,0.007713856814541484,0.01986212254762926
DREDS-CatNovel,dreds110/dreds_catnovel_00165_0128,sensor_hole,15280,0.023925352154483576,0.01069997712696722,0.023505269545366594
DREDS-CatNovel,dreds110/dreds_catnovel_00165_0128,challenging_material,18304,0.06923973220185901,0.027302488529976535,0.03843713282660826
DREDS-CatNovel,dreds110/dreds_catnovel_00165_0128,depth_boundary,4304,0.07550744882599177,0.031665361143620924,0.04639935112233918
DREDS-CatNovel,dreds110/dreds_catnovel_00165_0165,full,86632,0.014311883205998402,0.0072198808200086995,0.023751480466444534
DREDS-CatNovel,dreds110/dreds_catnovel_00165_0165,sensor_hole,13900,0.026205037011890836,0.014360711623867638,0.04015604261357955
DREDS-CatNovel,dreds110/dreds_catnovel_00165_0165,challenging_material,4077,0.08594122721324611,0.030957407962465978,0.04005494583492378
DREDS-CatNovel,dreds110/dreds_catnovel_00165_0165,depth_boundary,4756,0.0728773801139524,0.0354243647197498,0.0655062854278745
DREDS-CatNovel,dreds110/dreds_catnovel_00165_0171,full,86632,0.009373311598646674,0.004396256279230932,0.01330179305154215
DREDS-CatNovel,dreds110/dreds_catnovel_00165_0171,sensor_hole,13494,0.020653946092338737,0.00982804414659531,0.02473836999587859
DREDS-CatNovel,dreds110/dreds_catnovel_00165_0171,challenging_material,3483,0.03637591932360698,0.013639885128964784,0.028925263380638742
DREDS-CatNovel,dreds110/dreds_catnovel_00165_0171,depth_boundary,4842,0.06023002435306539,0.02661144330278993,0.044622410770919725
DREDS-CatNovel,dreds110/dreds_catnovel_00168_0000,full,86632,0.010902134725555535,0.004862141764409457,0.012208363393637197
DREDS-CatNovel,dreds110/dreds_catnovel_00168_0000,sensor_hole,13662,0.016228943728191194,0.007399760514973303,0.016323608138368244
DREDS-CatNovel,dreds110/dreds_catnovel_00168_0000,challenging_material,17725,0.02005173948287025,0.00928458133604698,0.012363103813227914
DREDS-CatNovel,dreds110/dreds_catnovel_00168_0000,depth_boundary,7727,0.04214720365145988,0.018539264024854462,0.02897947091190341
DREDS-CatNovel,dreds110/dreds_catnovel_00168_0036,full,86632,0.012740954777603612,0.005601865632215446,0.014343662160518713
DREDS-CatNovel,dreds110/dreds_catnovel_00168_0036,sensor_hole,17689,0.022027614649096104,0.009912377068897903,0.023068442535892252
DREDS-CatNovel,dreds110/dreds_catnovel_00168_0036,challenging_material,16189,0.03780698421595125,0.014813757823067175,0.022703188441889777
DREDS-CatNovel,dreds110/dreds_catnovel_00168_0036,depth_boundary,7897,0.05351435811629875,0.023548643230803183,0.03768404680164034
DREDS-CatNovel,dreds110/dreds_catnovel_00168_0128,full,86632,0.015030185201614643,0.006385002568706778,0.016541812485872467
DREDS-CatNovel,dreds110/dreds_catnovel_00168_0128,sensor_hole,16476,0.0291092722922199,0.01286626952304861,0.028842480227895432
DREDS-CatNovel,dreds110/dreds_catnovel_00168_0128,challenging_material,13561,0.04314274974437563,0.015639931853564208,0.025400671708834508
DREDS-CatNovel,dreds110/dreds_catnovel_00168_0128,depth_boundary,8085,0.055226590212559205,0.02363468820693394,0.03848242584759065
DREDS-CatNovel,dreds110/dreds_catnovel_00168_0165,full,86632,0.02139121824391064,0.010429011649749804,0.02804021501925041
DREDS-CatNovel,dreds110/dreds_catnovel_00168_0165,sensor_hole,17250,0.0443069910743963,0.021766225533208984,0.043779422902161406
DREDS-CatNovel,dreds110/dreds_catnovel_00168_0165,challenging_material,17693,0.03416573662492872,0.015361305307063174,0.02769153776786986
DREDS-CatNovel,dreds110/dreds_catnovel_00168_0165,depth_boundary,8426,0.07603168224927613,0.035678051477539094,0.06053951433275936
DREDS-CatNovel,dreds110/dreds_catnovel_00168_0171,full,86632,0.021316903174639957,0.00885035731472878,0.020892780286182373
DREDS-CatNovel,dreds110/dreds_catnovel_00168_0171,sensor_hole,16515,0.03252075251428733,0.01374721502557582,0.02626794736351746
DREDS-CatNovel,dreds110/dreds_catnovel_00168_0171,challenging_material,17879,0.035879284985057124,0.016158647753993793,0.026183417473959393
DREDS-CatNovel,dreds110/dreds_catnovel_00168_0171,depth_boundary,8862,0.06763805349417501,0.028008566335721363,0.04353323821665302
DREDS-CatNovel,dreds110/dreds_catnovel_00169_0000,full,86632,0.01980337196885254,0.008697480617954698,0.020677797409604737
DREDS-CatNovel,dreds110/dreds_catnovel_00169_0000,sensor_hole,14910,0.04405744532090103,0.01942867030440202,0.03163924870667407
DREDS-CatNovel,dreds110/dreds_catnovel_00169_0000,challenging_material,13223,0.08012139825917597,0.033830898549853695,0.04477260833505747
DREDS-CatNovel,dreds110/dreds_catnovel_00169_0000,depth_boundary,7343,0.06820876270270379,0.029654875797454593,0.042103726827339115
DREDS-CatNovel,dreds110/dreds_catnovel_00169_0036,full,86632,0.011972077936792065,0.005436121887329686,0.015632073016937496
DREDS-CatNovel,dreds110/dreds_catnovel_00169_0036,sensor_hole,15373,0.020973309603928098,0.0097915414895976,0.024162596771057948
DREDS-CatNovel,dreds110/dreds_catnovel_00169_0036,challenging_material,2713,0.040982199514146916,0.01898502350029276,0.024446519131262695
DREDS-CatNovel,dreds110/dreds_catnovel_00169_0036,depth_boundary,7515,0.052411415202214984,0.022913275233761757,0.037401532047241844
DREDS-CatNovel,dreds110/dreds_catnovel_00169_0128,full,86632,0.015154300869292316,0.006713094934717926,0.017608517320519528
DREDS-CatNovel,dreds110/dreds_catnovel_00169_0128,sensor_hole,15296,0.025661097660796897,0.011301656181546061,0.024949906933226823
DREDS-CatNovel,dreds110/dreds_catnovel_00169_0128,challenging_material,13041,0.052801896541276705,0.021645128016237483,0.03777477101459814
DREDS-CatNovel,dreds110/dreds_catnovel_00169_0128,depth_boundary,8119,0.05733260494418659,0.024587736317406354,0.039739709654550655
DREDS-CatNovel,dreds110/dreds_catnovel_00169_0165,full,86632,0.023388327164421373,0.010808093833322284,0.030094246769844388
DREDS-CatNovel,dreds110/dreds_catnovel_00169_0165,sensor_hole,16749,0.0418251285235128,0.020351920224167038,0.043210948725915986
DREDS-CatNovel,dreds110/dreds_catnovel_00169_0165,challenging_material,15685,0.07612487628787301,0.03300840134144893,0.05315812076608597
DREDS-CatNovel,dreds110/dreds_catnovel_00169_0165,depth_boundary,7281,0.08186492636700006,0.03819773079618421,0.06604912583295039
DREDS-CatNovel,dreds110/dreds_catnovel_00169_0171,full,86632,0.013319132801702056,0.005865184565279686,0.016510531119691977
DREDS-CatNovel,dreds110/dreds_catnovel_00169_0171,sensor_hole,14825,0.024400069298550195,0.011050217419008381,0.025531155953917063
DREDS-CatNovel,dreds110/dreds_catnovel_00169_0171,challenging_material,12901,0.04475668738987657,0.01692336681979302,0.030727472335793826
DREDS-CatNovel,dreds110/dreds_catnovel_00169_0171,depth_boundary,7498,0.06173358207117875,0.026461617076641783,0.04239903125421339
DREDS-CatNovel,dreds110/dreds_catnovel_00171_0000,full,86632,0.004860792463785321,0.002299533943115966,0.006323827967665976
DREDS-CatNovel,dreds110/dreds_catnovel_00171_0000,sensor_hole,10862,0.008032253209974157,0.0037686817116158768,0.009454318587731013
DREDS-CatNovel,dreds110/dreds_catnovel_00171_0000,challenging_material,9322,0.022268544672684226,0.009895027396735702,0.01629004915413895
DREDS-CatNovel,dreds110/dreds_catnovel_00171_0000,depth_boundary,3960,0.02957922220435094,0.013850569175650375,0.020549904338438535
DREDS-CatNovel,dreds110/dreds_catnovel_00171_0036,full,86632,0.0065924739021056495,0.0030558100012362814,0.008292947020367291
DREDS-CatNovel,dreds110/dreds_catnovel_00171_0036,sensor_hole,10585,0.015521973568800727,0.007177638368444393,0.014739373186704948
DREDS-CatNovel,dreds110/dreds_catnovel_00171_0036,challenging_material,8711,0.033516656086191164,0.01422991502943248,0.022572616487044048
DREDS-CatNovel,dreds110/dreds_catnovel_00171_0036,depth_boundary,3557,0.036640946260556716,0.016924966552936533,0.026549638175702335
DREDS-CatNovel,dreds110/dreds_catnovel_00171_0128,full,86632,0.0068153305129579995,0.003106420846106064,0.007948858493957421
DREDS-CatNovel,dreds110/dreds_catnovel_00171_0128,sensor_hole,11084,0.012949329091838083,0.005748791936737929,0.011525567315020047
DREDS-CatNovel,dreds110/dreds_catnovel_00171_0128,challenging_material,8285,0.03445789648271294,0.015043677809588075,0.020625163172414675
DREDS-CatNovel,dreds110/dreds_catnovel_00171_0128,depth_boundary,4009,0.034881294729523345,0.01578589042810824,0.024261346214147616
DREDS-CatNovel,dreds110/dreds_catnovel_00171_0165,full,86632,0.010462688147795272,0.004925735496753074,0.01214113911391825
DREDS-CatNovel,dreds110/dreds_catnovel_00171_0165,sensor_hole,13134,0.02497187501945154,0.011114838777456868,0.018565203233713395
DREDS-CatNovel,dreds110/dreds_catnovel_00171_0165,challenging_material,14798,0.022261239370196858,0.008203145567187266,0.013806109239815543
DREDS-CatNovel,dreds110/dreds_catnovel_00171_0165,depth_boundary,4227,0.044527953401502306,0.020048496033357396,0.03526983909674843
DREDS-CatNovel,dreds110/dreds_catnovel_00171_0171,full,86632,0.01722496995587131,0.007323915111491836,0.012290766571436481
DREDS-CatNovel,dreds110/dreds_catnovel_00171_0171,sensor_hole,11909,0.02099237665913978,0.008739039673494126,0.015320737562988672
DREDS-CatNovel,dreds110/dreds_catnovel_00171_0171,challenging_material,12844,0.06089709661178716,0.02272587805772934,0.02804118538501919
DREDS-CatNovel,dreds110/dreds_catnovel_00171_0171,depth_boundary,4062,0.04014689657418149,0.017120937748474185,0.025935143224532824
DREDS-CatNovel,dreds110/dreds_catnovel_00176_0000,full,86632,0.009745677598378487,0.004551257288310653,0.00982015748554719
DREDS-CatNovel,dreds110/dreds_catnovel_00176_0000,sensor_hole,15191,0.013916213961569947,0.006470080145053086,0.013122265903652881
DREDS-CatNovel,dreds110/dreds_catnovel_00176_0000,challenging_material,5301,0.0561044348601104,0.024533128012038472,0.030988707485463052
DREDS-CatNovel,dreds110/dreds_catnovel_00176_0000,depth_boundary,6947,0.03328001074754706,0.015442033367086971,0.02130312701283851
DREDS-CatNovel,dreds110/dreds_catnovel_00176_0036,full,86632,0.01640127597862169,0.007645469176088391,0.015642838785166886
DREDS-CatNovel,dreds110/dreds_catnovel_00176_0036,sensor_hole,12952,0.01992003047133336,0.008999801992707373,0.016377141912138213
DREDS-CatNovel,dreds110/dreds_catnovel_00176_0036,challenging_material,23835,0.04615008715953435,0.020959493137141155,0.0288586948261817
DREDS-CatNovel,dreds110/dreds_catnovel_00176_0036,depth_boundary,6159,0.04584194886740003,0.020745408357902673,0.028220429557878245
DREDS-CatNovel,dreds110/dreds_catnovel_00176_0128,full,86632,0.017673097759909252,0.007426867758108205,0.015265906170750928
DREDS-CatNovel,dreds110/dreds_catnovel_00176_0128,sensor_hole,13102,0.026384662930403403,0.011196591022578365,0.019050076584730714
DREDS-CatNovel,dreds110/dreds_catnovel_00176_0128,challenging_material,23818,0.052870189475588615,0.021596600882692135,0.027975958889257576
DREDS-CatNovel,dreds110/dreds_catnovel_00176_0128,depth_boundary,7008,0.0451679588844928,0.019143550843850936,0.026582611703788544
DREDS-CatNovel,dreds110/dreds_catnovel_00176_0165,full,86632,0.019064191190355,0.007663580948573443,0.014615296440325635
DREDS-CatNovel,dreds110/dreds_catnovel_00176_0165,sensor_hole,16869,0.030899882993125904,0.011699304315896724,0.017744671240012284
DREDS-CatNovel,dreds110/dreds_catnovel_00176_0165,challenging_material,25314,0.04766255579569636,0.01664040231837512,0.024683934118368406
DREDS-CatNovel,dreds110/dreds_catnovel_00176_0165,depth_boundary,6591,0.04690193067870005,0.01857677752304974,0.026605939010214526
DREDS-CatNovel,dreds110/dreds_catnovel_00176_0171,full,86632,0.010279552085118882,0.004680238347316517,0.009057952823412495
DREDS-CatNovel,dreds110/dreds_catnovel_00176_0171,sensor_hole,13175,0.022557296175394752,0.00993113369597882,0.014938773014351892
DREDS-CatNovel,dreds110/dreds_catnovel_00176_0171,challenging_material,12563,0.020744255306869627,0.008583333040511619,0.012881328713169743
DREDS-CatNovel,dreds110/dreds_catnovel_00176_0171,depth_boundary,6350,0.033139411305637786,0.014397902423002588,0.02187856861094527
DREDS-CatNovel,dreds110/dreds_catnovel_00178_0000,full,86632,0.008840134954507228,0.0040311221694179005,0.01143845713000992
DREDS-CatNovel,dreds110/dreds_catnovel_00178_0000,sensor_hole,10375,0.02481133424204637,0.011216371142720602,0.022270515281875024
DREDS-CatNovel,dreds110/dreds_catnovel_00178_0000,challenging_material,5553,0.04337731432185777,0.01898015044561146,0.02615158497593591
DREDS-CatNovel,dreds110/dreds_catnovel_00178_0000,depth_boundary,4475,0.052354162245012936,0.023763783497517336,0.03672929435230428
DREDS-CatNovel,dreds110/dreds_catnovel_00178_0036,full,86632,0.020351734145317543,0.009670883333534951,0.013121912505588914
DREDS-CatNovel,dreds110/dreds_catnovel_00178_0036,sensor_hole,9539,0.020680692029580644,0.0101412397746158,0.018245691171731693
DREDS-CatNovel,dreds110/dreds_catnovel_00178_0036,challenging_material,7998,0.04456869017327791,0.018570709568347058,0.026495579794399055
DREDS-CatNovel,dreds110/dreds_catnovel_00178_0036,depth_boundary,3111,0.044232591590746384,0.02146099441230048,0.03350555916186339
DREDS-CatNovel,dreds110/dreds_catnovel_00178_0128,full,86632,0.0107053984921272,0.004432980006259502,0.012054100649567485
DREDS-CatNovel,dreds110/dreds_catnovel_00178_0128,sensor_hole,11768,0.0335836920141911,0.01386472915586041,0.02461266928848235
DREDS-CatNovel,dreds110/dreds_catnovel_00178_0128,challenging_material,6596,0.02255390071437096,0.009272745354671489,0.014896500720949309
DREDS-CatNovel,dreds110/dreds_catnovel_00178_0128,depth_boundary,4400,0.06037928394364087,0.02447879476303404,0.03812922692678961
DREDS-CatNovel,dreds110/dreds_catnovel_00178_0165,full,86632,0.0185028497756011,0.008289972635828697,0.01600786235982661
DREDS-CatNovel,dreds110/dreds_catnovel_00178_0165,sensor_hole,14568,0.04562066881121788,0.01788237757616682,0.029860293152453164
DREDS-CatNovel,dreds110/dreds_catnovel_00178_0165,challenging_material,14509,0.04530000846391762,0.01549813686441575,0.02206219303239519
DREDS-CatNovel,dreds110/dreds_catnovel_00178_0165,depth_boundary,4275,0.08185005522570767,0.03250642858053508,0.048690028804769026
DREDS-CatNovel,dreds110/dreds_catnovel_00178_0171,full,86632,0.011064008958280492,0.0043990228502982015,0.012708591009357235
DREDS-CatNovel,dreds110/dreds_catnovel_00178_0171,sensor_hole,11552,0.042260730739476934,0.016258106724335877,0.029080343412196147
DREDS-CatNovel,dreds110/dreds_catnovel_00178_0171,challenging_material,8381,0.0432303213530426,0.013632780092312433,0.023720928520402838
DREDS-CatNovel,dreds110/dreds_catnovel_00178_0171,depth_boundary,3973,0.07211042249577264,0.026861300538656187,0.04326189892360294
DREDS-CatNovel,dreds110/dreds_catnovel_00183_0000,full,86632,0.010710784772860103,0.004910285187038383,0.011247181555986762
DREDS-CatNovel,dreds110/dreds_catnovel_00183_0000,sensor_hole,15744,0.021475705165635905,0.009870275555981127,0.01732383819688932
DREDS-CatNovel,dreds110/dreds_catnovel_00183_0000,challenging_material,14302,0.029322376827093186,0.013161652976858784,0.01763496633127451
DREDS-CatNovel,dreds110/dreds_catnovel_00183_0000,depth_boundary,6987,0.042575790485465954,0.019268033640808143,0.02849921402653526
DREDS-CatNovel,dreds110/dreds_catnovel_00183_0036,full,86632,0.01156804625689702,0.0055027582822595456,0.013720550101070947
DREDS-CatNovel,dreds110/dreds_catnovel_00183_0036,sensor_hole,15357,0.02011802134312354,0.009429907716484191,0.020290008369320926
DREDS-CatNovel,dreds110/dreds_catnovel_00183_0036,challenging_material,17007,0.030350804323574225,0.013959179740737983,0.02366495288428231
DREDS-CatNovel,dreds110/dreds_catnovel_00183_0036,depth_boundary,6048,0.05022865596978303,0.023049893651019643,0.03483373781775974
DREDS-CatNovel,dreds110/dreds_catnovel_00183_0128,full,86632,0.012895694288367222,0.005471267906271395,0.01293837281452376
DREDS-CatNovel,dreds110/dreds_catnovel_00183_0128,sensor_hole,16599,0.02930649249821965,0.012166733450613523,0.022647996906450668
DREDS-CatNovel,dreds110/dreds_catnovel_00183_0128,challenging_material,17864,0.031406700880449515,0.012188240905754032,0.01988896840833408
DREDS-CatNovel,dreds110/dreds_catnovel_00183_0128,depth_boundary,6892,0.05575005677938603,0.023446338615546167,0.033944716051575105
DREDS-CatNovel,dreds110/dreds_catnovel_00183_0165,full,86632,0.02692950731811805,0.01119483169727251,0.024489411545853452
DREDS-CatNovel,dreds110/dreds_catnovel_00183_0165,sensor_hole,16495,0.056628919463070485,0.023234530431496515,0.03843130025158595
DREDS-CatNovel,dreds110/dreds_catnovel_00183_0165,challenging_material,7595,0.10162758362887006,0.0346817953010544,0.04178562435121257
DREDS-CatNovel,dreds110/dreds_catnovel_00183_0165,depth_boundary,6161,0.0799359073768597,0.03407131739878612,0.05066392751221483
DREDS-CatNovel,dreds110/dreds_catnovel_00183_0171,full,86632,0.018977905005106686,0.008143802338818762,0.018328207780182106
DREDS-CatNovel,dreds110/dreds_catnovel_00183_0171,sensor_hole,13961,0.04022576292121106,0.01762245048442412,0.0330459517438785
DREDS-CatNovel,dreds110/dreds_catnovel_00183_0171,challenging_material,18779,0.03400652233020091,0.012636365415481302,0.021290181991985808
DREDS-CatNovel,dreds110/dreds_catnovel_00183_0171,depth_boundary,6093,0.06368011907879335,0.027611328016531874,0.042440751568025
DREDS-CatNovel,dreds110/dreds_catnovel_00184_0000,full,86632,0.01533782575599807,0.006771198784598288,0.017732741207557204
DREDS-CatNovel,dreds110/dreds_catnovel_00184_0000,sensor_hole,14979,0.02224339114375505,0.010213883987247598,0.020172101987797408
DREDS-CatNovel,dreds110/dreds_catnovel_00184_0000,challenging_material,18660,0.05521302540455194,0.023379199896786374,0.03557581655060639
DREDS-CatNovel,dreds110/dreds_catnovel_00184_0000,depth_boundary,6216,0.05909554818849426,0.025942134480333695,0.038013166202582195
DREDS-CatNovel,dreds110/dreds_catnovel_00184_0036,full,86632,0.015403509802497165,0.006701900002541707,0.019006937826638728
DREDS-CatNovel,dreds110/dreds_catnovel_00184_0036,sensor_hole,13499,0.02749329535290669,0.012706663517768634,0.027106409431013556
DREDS-CatNovel,dreds110/dreds_catnovel_00184_0036,challenging_material,10076,0.08553548227429626,0.03385314820079209,0.04876591897402767
DREDS-CatNovel,dreds110/dreds_catnovel_00184_0036,depth_boundary,5713,0.06503123186720038,0.02884275219329034,0.04381169876152077
DREDS-CatNovel,dreds110/dreds_catnovel_00184_0128,full,86632,0.018669240137967714,0.007723433305029064,0.020744909222525094
DREDS-CatNovel,dreds110/dreds_catnovel_00184_0128,sensor_hole,13352,0.033423959184334266,0.014628654965263702,0.030127909217844077
DREDS-CatNovel,dreds110/dreds_catnovel_00184_0128,challenging_material,6558,0.0948904162528251,0.035505193309218246,0.053153948526976906
DREDS-CatNovel,dreds110/dreds_catnovel_00184_0128,depth_boundary,6321,0.06903009994409638,0.02901897979601145,0.043287911774295834
DREDS-CatNovel,dreds110/dreds_catnovel_00184_0165,full,86632,0.022400609754050647,0.009426854948514671,0.019698413765195447
DREDS-CatNovel,dreds110/dreds_catnovel_00184_0165,sensor_hole,20575,0.04537160826214904,0.018488903215125585,0.030617664251165824
DREDS-CatNovel,dreds110/dreds_catnovel_00184_0165,challenging_material,22279,0.050761960721542605,0.01839432180786621,0.02804757938915966
DREDS-CatNovel,dreds110/dreds_catnovel_00184_0165,depth_boundary,6810,0.07941218668498111,0.032235855664975846,0.04721743133663906
DREDS-CatNovel,dreds110/dreds_catnovel_00184_0171,full,86632,0.01496865525183283,0.0061902340230810555,0.01594055301481165
DREDS-CatNovel,dreds110/dreds_catnovel_00184_0171,sensor_hole,16018,0.03560077506650185,0.014882332066841258,0.028763090879388505
DREDS-CatNovel,dreds110/dreds_catnovel_00184_0171,challenging_material,14658,0.04128508966939435,0.01514382051045515,0.025549452977829134
DREDS-CatNovel,dreds110/dreds_catnovel_00184_0171,depth_boundary,6653,0.07051910326994253,0.02828611329356907,0.04222886686987154
DREDS-CatNovel,dreds110/dreds_catnovel_00185_0000,full,86632,0.01017715671206297,0.004686809482130496,0.012737457472341642
DREDS-CatNovel,dreds110/dreds_catnovel_00185_0000,sensor_hole,11917,0.016370260012632108,0.007906977643380081,0.018881773956591432
DREDS-CatNovel,dreds110/dreds_catnovel_00185_0000,challenging_material,3740,0.07642677000474177,0.03281483878107632,0.037328291205222935
DREDS-CatNovel,dreds110/dreds_catnovel_00185_0000,depth_boundary,6016,0.04228572277163333,0.019658574849327513,0.0322982302618927
DREDS-CatNovel,dreds110/dreds_catnovel_00185_0036,full,86632,0.0170122517862143,0.0076036072743875804,0.013895593973367825
DREDS-CatNovel,dreds110/dreds_catnovel_00185_0036,sensor_hole,12369,0.022531293426515126,0.010206587002439095,0.019687159986794996
DREDS-CatNovel,dreds110/dreds_catnovel_00185_0036,challenging_material,15162,0.047895884579620504,0.01887044650617367,0.02646058453847895
DREDS-CatNovel,dreds110/dreds_catnovel_00185_0036,depth_boundary,5795,0.05207575960480566,0.022856458016157766,0.033559686846020655
DREDS-CatNovel,dreds110/dreds_catnovel_00185_0128,full,86632,0.014831274763834537,0.006970774327655151,0.019733206085587613
DREDS-CatNovel,dreds110/dreds_catnovel_00185_0128,sensor_hole,16460,0.031070402185127813,0.015251066330209248,0.03270580302821779
DREDS-CatNovel,dreds110/dreds_catnovel_00185_0128,challenging_material,12807,0.0314595014365608,0.013651049894797696,0.0230201570931317
DREDS-CatNovel,dreds110/dreds_catnovel_00185_0128,depth_boundary,6553,0.05463073924383076,0.02582895983162316,0.044385893642243254
DREDS-CatNovel,dreds110/dreds_catnovel_00185_0165,full,86632,0.02234695648227547,0.010530090884718608,0.026544967777967953
DREDS-CatNovel,dreds110/dreds_catnovel_00185_0165,sensor_hole,16171,0.05658473786128182,0.026832317336209666,0.046506332004174436
DREDS-CatNovel,dreds110/dreds_catnovel_00185_0165,challenging_material,24444,0.03583693392403104,0.013370739608500753,0.021652040001767733
DREDS-CatNovel,dreds110/dreds_catnovel_00185_0165,depth_boundary,6405,0.07226080802025026,0.03464968499497079,0.05895338447203877
DREDS-CatNovel,dreds110/dreds_catnovel_00185_0171,full,86632,0.012646457255671187,0.00591097995659488,0.016475485971977136
DREDS-CatNovel,dreds110/dreds_catnovel_00185_0171,sensor_hole,14747,0.031791172590573485,0.014816841620739948,0.029642817382107587
DREDS-CatNovel,dreds110/dreds_catnovel_00185_0171,challenging_material,18273,0.021765558436526975,0.00911333240886265,0.01587703926335162
DREDS-CatNovel,dreds110/dreds_catnovel_00185_0171,depth_boundary,6272,0.05452093265442723,0.025360919435375502,0.04261711053521082
DREDS-CatNovel,dreds110/dreds_catnovel_00186_0000,full,86632,0.009045275941935708,0.004145233743377797,0.009616805711094361
DREDS-CatNovel,dreds110/dreds_catnovel_00186_0000,sensor_hole,11120,0.015623753815686002,0.007400684605399482,0.016443156771855674
DREDS-CatNovel,dreds110/dreds_catnovel_00186_0000,challenging_material,19240,0.024278554355969397,0.01059853500704012,0.014976073597616475
DREDS-CatNovel,dreds110/dreds_catnovel_00186_0000,depth_boundary,4685,0.03956844731490112,0.018106446398487724,0.02659353952152736
DREDS-CatNovel,dreds110/dreds_catnovel_00186_0036,full,86632,0.008583490294539826,0.0039585411527285844,0.013405775996598352
DREDS-CatNovel,dreds110/dreds_catnovel_00186_0036,sensor_hole,12127,0.009713345154466483,0.004374883908612854,0.010611709738785306
DREDS-CatNovel,dreds110/dreds_catnovel_00186_0036,challenging_material,17904,0.02903372568820147,0.012837869174265775,0.02866917637462855
DREDS-CatNovel,dreds110/dreds_catnovel_00186_0036,depth_boundary,4164,0.04507925320299893,0.020139952464875526,0.03432349482516911
DREDS-CatNovel,dreds110/dreds_catnovel_00186_0128,full,86632,0.011164409512124525,0.004873996319624072,0.011606748648005247
DREDS-CatNovel,dreds110/dreds_catnovel_00186_0128,sensor_hole,12290,0.014641942507801384,0.006279428069236513,0.015297776217113552
DREDS-CatNovel,dreds110/dreds_catnovel_00186_0128,challenging_material,17209,0.03172790809242329,0.012996247271711735,0.02295917546316826
DREDS-CatNovel,dreds110/dreds_catnovel_00186_0128,depth_boundary,5007,0.04196608833696017,0.01733871778971377,0.027166956725802677
DREDS-CatNovel,dreds110/dreds_catnovel_00186_0165,full,86632,0.018574211771462915,0.007972273815989835,0.017722508244968092
DREDS-CatNovel,dreds110/dreds_catnovel_00186_0165,sensor_hole,16084,0.03332659178580206,0.013827599403470406,0.02413053929042651
DREDS-CatNovel,dreds110/dreds_catnovel_00186_0165,challenging_material,26657,0.047480903854533386,0.019399341789615457,0.030297305788039977
DREDS-CatNovel,dreds110/dreds_catnovel_00186_0165,depth_boundary,5146,0.06732516053610252,0.02797133587025688,0.03955785858532393
DREDS-CatNovel,dreds110/dreds_catnovel_00186_0171,full,86632,0.014308119841321647,0.006233051169850465,0.014018895048272265
DREDS-CatNovel,dreds110/dreds_catnovel_00186_0171,sensor_hole,20691,0.02312621493476704,0.010210611944840199,0.019013853909675155
DREDS-CatNovel,dreds110/dreds_catnovel_00186_0171,challenging_material,16184,0.04159068373306084,0.016320593927646707,0.02664682180863912
DREDS-CatNovel,dreds110/dreds_catnovel_00186_0171,depth_boundary,5143,0.04850741540157219,0.020587943429129146,0.03033558252660096
NYUv2,nyu654/nyu_nyu_test_0001,full,89523,0.009071658038859925,0.02695598260525139,0.051003727587858066
NYUv2,nyu654/nyu_nyu_test_0001,sensor_hole,3035,0.02701371703810971,0.0794698039232408,0.11740709882327967
NYUv2,nyu654/nyu_nyu_test_0001,depth_boundary,5736,0.03149448339516992,0.08615294433454755,0.14061161826501717
NYUv2,nyu654/nyu_nyu_test_0002,full,89523,0.009293360979344288,0.01797651035603538,0.038517547109588435
NYUv2,nyu654/nyu_nyu_test_0002,sensor_hole,5087,0.034267029193340126,0.0696176149204435,0.0999288505804131
NYUv2,nyu654/nyu_nyu_test_0002,depth_boundary,5043,0.038402729704877694,0.06917433709869446,0.11101598689958231
NYUv2,nyu654/nyu_nyu_test_0003,full,89523,0.011317162687912889,0.03348230378961717,0.11630752766712102
NYUv2,nyu654/nyu_nyu_test_0003,sensor_hole,2996,0.04644039091707064,0.15913364597570115,0.3221700153018861
NYUv2,nyu654/nyu_nyu_test_0003,depth_boundary,11077,0.03975119074852355,0.12764805150159034,0.3074088567507766
NYUv2,nyu654/nyu_nyu_test_0004,full,89523,0.03540592864245424,0.09050346203554921,0.1314966284478708
NYUv2,nyu654/nyu_nyu_test_0004,sensor_hole,46319,0.04142065055738645,0.10845665683703924,0.14627468979730168
NYUv2,nyu654/nyu_nyu_test_0004,depth_boundary,5640,0.08117124170432471,0.15999317101552976,0.25466910183147295
NYUv2,nyu654/nyu_nyu_test_0005,full,89523,0.016020641419866425,0.07952250087593968,0.22385883572097864
NYUv2,nyu654/nyu_nyu_test_0005,sensor_hole,5509,0.07161021307457031,0.566201275956027,0.7635010252244093
NYUv2,nyu654/nyu_nyu_test_0005,depth_boundary,23105,0.02620155196561685,0.12031317556402277,0.23925788016813793
NYUv2,nyu654/nyu_nyu_test_0006,full,89523,0.019411458558543405,0.09138465450394949,0.3124479286227577
NYUv2,nyu654/nyu_nyu_test_0006,sensor_hole,4558,0.0626600692811247,0.2858534922145761,0.5915508223256689
NYUv2,nyu654/nyu_nyu_test_0006,depth_boundary,17191,0.03817811086898504,0.154059760920436,0.34619950450737
NYUv2,nyu654/nyu_nyu_test_0007,full,89523,0.02373404079329528,0.08981874661352778,0.3684186611082063
NYUv2,nyu654/nyu_nyu_test_0007,sensor_hole,4339,0.1437011512080318,0.42448709180866634,0.8508042433843048
NYUv2,nyu654/nyu_nyu_test_0007,depth_boundary,15562,0.08957048460888069,0.3449215839951254,0.8335731033795428
NYUv2,nyu654/nyu_nyu_test_0008,full,89523,0.012476914137988682,0.049799146865331774,0.18241530408190743
NYUv2,nyu654/nyu_nyu_test_0008,sensor_hole,3649,0.07741204456834187,0.33800953827547225,0.7360145067365412
NYUv2,nyu654/nyu_nyu_test_0008,depth_boundary,12117,0.04303309519376731,0.19288413131297044,0.47304997077527283
NYUv2,nyu654/nyu_nyu_test_0009,full,89523,0.009617550399728515,0.03004096991633162,0.12635084148822268
NYUv2,nyu654/nyu_nyu_test_0009,sensor_hole,1987,0.07642621736156102,0.278597880801665,0.5646960637893675
NYUv2,nyu654/nyu_nyu_test_0009,depth_boundary,6139,0.06404852935426726,0.2148228647227706,0.46698259584526797
NYUv2,nyu654/nyu_nyu_test_0010,full,89523,0.02006762810860522,0.08576243673936293,0.175811470349327
NYUv2,nyu654/nyu_nyu_test_0010,sensor_hole,12763,0.05635040788262093,0.21789679022536965,0.31185966726276426
NYUv2,nyu654/nyu_nyu_test_0010,depth_boundary,11855,0.050910324684864845,0.2234339929642631,0.3795074469022734
NYUv2,nyu654/nyu_nyu_test_0011,full,89523,0.02771970764993537,0.11806436481218884,0.4534960909641113
NYUv2,nyu654/nyu_nyu_test_0011,sensor_hole,13146,0.12386821175273427,0.5375966179158687,1.0311540288561893
NYUv2,nyu654/nyu_nyu_test_0011,depth_boundary,13327,0.10835611157289159,0.5018791679753861,1.051097371975389
NYUv2,nyu654/nyu_nyu_test_0012,full,89523,0.02626755134589917,0.11617460663305877,0.3657477103705311
NYUv2,nyu654/nyu_nyu_test_0012,sensor_hole,14302,0.09574329499384338,0.4218159504844298,0.7699869002087263
NYUv2,nyu654/nyu_nyu_test_0012,depth_boundary,12489,0.09158535435000707,0.4295792593968593,0.8070554109471989
NYUv2,nyu654/nyu_nyu_test_0013,full,89523,0.030799531634518942,0.10029917384073361,0.24896170528881842
NYUv2,nyu654/nyu_nyu_test_0013,sensor_hole,13170,0.10658389640031929,0.3263086493257872,0.6141938489587483
NYUv2,nyu654/nyu_nyu_test_0013,depth_boundary,9718,0.08912669335568908,0.2649738864229893,0.5229561480884066
NYUv2,nyu654/nyu_nyu_test_0014,full,89523,0.025518843137236912,0.08857046118765104,0.3242869066454623
NYUv2,nyu654/nyu_nyu_test_0014,sensor_hole,9493,0.06837170661170366,0.19774045230188775,0.4462727644385452
NYUv2,nyu654/nyu_nyu_test_0014,depth_boundary,12051,0.09526737200258115,0.3349211619964883,0.670733806095123
NYUv2,nyu654/nyu_nyu_test_0015,full,89523,0.019639574671816533,0.029753082203867447,0.08513795188517205
NYUv2,nyu654/nyu_nyu_test_0015,sensor_hole,1801,0.08536266727709481,0.11833070881296567,0.17713319467909394
NYUv2,nyu654/nyu_nyu_test_0015,depth_boundary,4344,0.09076703056255535,0.12599911673841774,0.19359834785483993
NYUv2,nyu654/nyu_nyu_test_0016,full,89523,0.010966433693672862,0.032097585714757015,0.059519389143529514
NYUv2,nyu654/nyu_nyu_test_0016,sensor_hole,3601,0.0328911726203042,0.08077738325452183,0.1360126980812238
NYUv2,nyu654/nyu_nyu_test_0016,depth_boundary,8985,0.03203333534816617,0.09380998819751347,0.14257536705375723
NYUv2,nyu654/nyu_nyu_test_0017,full,89523,0.03721396864128973,0.16971310042342116,0.37094506779245473
NYUv2,nyu654/nyu_nyu_test_0017,sensor_hole,21505,0.0865657219636865,0.3628934008330696,0.6406774972347822
NYUv2,nyu654/nyu_nyu_test_0017,depth_boundary,16307,0.0925623732327746,0.38311836711032976,0.6702151283553454
NYUv2,nyu654/nyu_nyu_test_0018,full,89523,0.04837209338569635,0.22517608573979153,0.45730221324990167
NYUv2,nyu654/nyu_nyu_test_0018,sensor_hole,15065,0.10702190012926456,0.41184406977652555,0.6137839091718407
NYUv2,nyu654/nyu_nyu_test_0018,depth_boundary,15228,0.11236053512490188,0.45216342424012435,0.7084879182439177
NYUv2,nyu654/nyu_nyu_test_0019,full,89523,0.008699015961807792,0.028411957867488586,0.058359465933143055
NYUv2,nyu654/nyu_nyu_test_0019,sensor_hole,4836,0.020264005348122914,0.06925154378140042,0.11238602366141337
NYUv2,nyu654/nyu_nyu_test_0019,depth_boundary,6336,0.030907139871731427,0.103459578364937,0.16201942697414434
NYUv2,nyu654/nyu_nyu_test_0020,full,89523,0.05272042729170336,0.18613299731001925,0.5870321313746658
NYUv2,nyu654/nyu_nyu_test_0020,sensor_hole,16853,0.17013668971658058,0.6022126036341633,1.0199642339415218
NYUv2,nyu654/nyu_nyu_test_0020,depth_boundary,13755,0.15877489823266935,0.5538686126156401,0.9778359445738573
NYUv2,nyu654/nyu_nyu_test_0021,full,89523,0.01731214875752276,0.04922345972183132,0.12330202255928463
NYUv2,nyu654/nyu_nyu_test_0021,sensor_hole,7469,0.06022791155353113,0.1558404070958505,0.28672381982786965
NYUv2,nyu654/nyu_nyu_test_0021,depth_boundary,8343,0.07861480289028891,0.1883070100472583,0.34902771321374554
NYUv2,nyu654/nyu_nyu_test_0022,full,89523,0.011184225800644354,0.028812896865393983,0.061893253520161284
NYUv2,nyu654/nyu_nyu_test_0022,sensor_hole,7629,0.03922090544172284,0.0923277613438196,0.1615295012508759
NYUv2,nyu654/nyu_nyu_test_0022,depth_boundary,5494,0.053696258445327966,0.12032197697361383,0.20518649546812642
NYUv2,nyu654/nyu_nyu_test_0023,full,89523,0.02156372427532824,0.05271220295766099,0.1285680449584957
NYUv2,nyu654/nyu_nyu_test_0023,sensor_hole,4464,0.11353872058175736,0.21858832977151357,0.39403596172018734
NYUv2,nyu654/nyu_nyu_test_0023,depth_boundary,8856,0.09503615582132013,0.20436143584367705,0.35658991048348976
NYUv2,nyu654/nyu_nyu_test_0024,full,89523,0.005038356974933095,0.00973518952731812,0.013711220705292057
NYUv2,nyu654/nyu_nyu_test_0024,sensor_hole,722,0.014139443279972758,0.025304775654113855,0.04180249400060206
NYUv2,nyu654/nyu_nyu_test_0024,depth_boundary,1394,0.023107028424144298,0.03948094128194122,0.05468751198168925
NYUv2,nyu654/nyu_nyu_test_0025,full,89523,0.018309817044519387,0.04565827148606198,0.08748486754615896
NYUv2,nyu654/nyu_nyu_test_0025,sensor_hole,14634,0.05544572678505498,0.13460473105508935,0.1932315399142055
NYUv2,nyu654/nyu_nyu_test_0025,depth_boundary,4658,0.04073333595280282,0.0880644744739557,0.15237697769534186
NYUv2,nyu654/nyu_nyu_test_0026,full,89523,0.030265721239729156,0.041036000793520266,0.09888345905603999
NYUv2,nyu654/nyu_nyu_test_0026,sensor_hole,21238,0.09804656678318925,0.13593887111900194,0.19436158453820385
NYUv2,nyu654/nyu_nyu_test_0026,depth_boundary,8664,0.06800167615216507,0.09072660601122558,0.16210738017042464
NYUv2,nyu654/nyu_nyu_test_0027,full,89523,0.030975804381094152,0.08050082181050064,0.2568010870755062
NYUv2,nyu654/nyu_nyu_test_0027,sensor_hole,5977,0.09673123184571825,0.22899063164640954,0.42718787284731585
NYUv2,nyu654/nyu_nyu_test_0027,depth_boundary,12562,0.07916591030630236,0.18541562902644607,0.4089672463819253
NYUv2,nyu654/nyu_nyu_test_0028,full,89523,0.008215601775610594,0.018991976248339527,0.03566798963692701
NYUv2,nyu654/nyu_nyu_test_0028,sensor_hole,320,0.04311287192121584,0.07429156005382538,0.11566498295314083
NYUv2,nyu654/nyu_nyu_test_0028,depth_boundary,6509,0.02759653351351453,0.05901390633690758,0.09797274927246964
NYUv2,nyu654/nyu_nyu_test_0029,full,89523,0.01379573148383235,0.02389108694378823,0.062388539136290534
NYUv2,nyu654/nyu_nyu_test_0029,sensor_hole,4003,0.04383195605117755,0.06627926062918174,0.1309918783300966
NYUv2,nyu654/nyu_nyu_test_0029,depth_boundary,7180,0.06079370788403311,0.09663223374354805,0.18462619034657618
NYUv2,nyu654/nyu_nyu_test_0030,full,89523,0.019040231228957996,0.04518419456294444,0.09407123070035138
NYUv2,nyu654/nyu_nyu_test_0030,sensor_hole,7452,0.07710811750132184,0.19314485441211468,0.26442647815799175
NYUv2,nyu654/nyu_nyu_test_0030,depth_boundary,8075,0.048614430912984744,0.10373795472431478,0.17294629932869934
NYUv2,nyu654/nyu_nyu_test_0031,full,89523,0.010369342689912363,0.02290951493914996,0.05380227020101892
NYUv2,nyu654/nyu_nyu_test_0031,sensor_hole,1203,0.05171805271689859,0.12132988834222554,0.19103097957310053
NYUv2,nyu654/nyu_nyu_test_0031,depth_boundary,9543,0.03424994608396846,0.07402520093305248,0.14171400905362502
NYUv2,nyu654/nyu_nyu_test_0032,full,89523,0.00814321872362801,0.01641570723328574,0.03401600697044288
NYUv2,nyu654/nyu_nyu_test_0032,sensor_hole,557,0.026340710235097615,0.049545620245394204,0.08275332589795431
NYUv2,nyu654/nyu_nyu_test_0032,depth_boundary,7664,0.028778558372972458,0.05819642532904611,0.09487803041317643
NYUv2,nyu654/nyu_nyu_test_0033,full,89523,0.007843193996519345,0.01382701345249226,0.028506967855791217
NYUv2,nyu654/nyu_nyu_test_0033,sensor_hole,5669,0.027670322365074232,0.042727653259826436,0.07315761236670625
NYUv2,nyu654/nyu_nyu_test_0033,depth_boundary,7131,0.031047662872297172,0.05234266701595192,0.07808998271954147
NYUv2,nyu654/nyu_nyu_test_0034,full,89523,0.0156510116037678,0.03386170812731897,0.07037640909501323
NYUv2,nyu654/nyu_nyu_test_0034,sensor_hole,8368,0.0369110710086388,0.0777425720262026,0.09862103615493786
NYUv2,nyu654/nyu_nyu_test_0034,depth_boundary,11241,0.03457453160833297,0.07470520942960492,0.11809162370920567
NYUv2,nyu654/nyu_nyu_test_0035,full,89523,0.013897001589020769,0.040161561155261156,0.07330216295777162
NYUv2,nyu654/nyu_nyu_test_0035,sensor_hole,173,0.06706471682947303,0.16345510661946555,0.26163679847860666
NYUv2,nyu654/nyu_nyu_test_0035,depth_boundary,5465,0.04268674458270322,0.1041805608492866,0.2248998666991705
NYUv2,nyu654/nyu_nyu_test_0036,full,89523,0.014616434939143587,0.04192529935578887,0.11136456615717451
NYUv2,nyu654/nyu_nyu_test_0036,sensor_hole,3694,0.05398230469511261,0.14419397093763078,0.2274394093121534
NYUv2,nyu654/nyu_nyu_test_0036,depth_boundary,7584,0.06371350428221732,0.1749714769988875,0.3242697004266572
NYUv2,nyu654/nyu_nyu_test_0037,full,89523,0.014326905295129394,0.026371996853062716,0.06758691777912315
NYUv2,nyu654/nyu_nyu_test_0037,sensor_hole,3047,0.050723676140666564,0.09332857286104579,0.1547975790044419
NYUv2,nyu654/nyu_nyu_test_0037,depth_boundary,8581,0.06568918044325682,0.11463718497104376,0.1741568977273507
NYUv2,nyu654/nyu_nyu_test_0038,full,89523,0.007973910120603124,0.018839806468421563,0.041205047563961095
NYUv2,nyu654/nyu_nyu_test_0038,sensor_hole,171,0.03549418505888564,0.08645230148270813,0.12456080480529011
NYUv2,nyu654/nyu_nyu_test_0038,depth_boundary,5569,0.031124965160256826,0.07286326916047842,0.12430006334869942
NYUv2,nyu654/nyu_nyu_test_0039,full,89523,0.037146758773954694,0.16999984140478572,0.4259631907121537
NYUv2,nyu654/nyu_nyu_test_0039,sensor_hole,14821,0.11843704745746142,0.49771194160889454,0.8890216670111664
NYUv2,nyu654/nyu_nyu_test_0039,depth_boundary,27706,0.06360031277157,0.2698161842409458,0.5329303612953865
NYUv2,nyu654/nyu_nyu_test_0040,full,89523,0.018065958681995394,0.052595431172038,0.11205069508887883
NYUv2,nyu654/nyu_nyu_test_0040,sensor_hole,3945,0.08417941795627042,0.2054661209743437,0.35805672927851945
NYUv2,nyu654/nyu_nyu_test_0040,depth_boundary,15301,0.04621208298441766,0.12097783868090482,0.24011442940898647
NYUv2,nyu654/nyu_nyu_test_0041,full,89523,0.055226287288535486,0.3341192577551106,0.991369609094867
NYUv2,nyu654/nyu_nyu_test_0041,sensor_hole,12381,0.2896439205425884,1.9879952802015675,2.571800344709696
NYUv2,nyu654/nyu_nyu_test_0041,depth_boundary,21995,0.1008463263871905,0.5628179748699486,1.2217445104028462
NYUv2,nyu654/nyu_nyu_test_0042,full,89523,0.055314283501649984,0.24902045135543427,0.6382399127620054
NYUv2,nyu654/nyu_nyu_test_0042,sensor_hole,20223,0.1664414404200504,0.8179702365845818,1.2811063847107014
NYUv2,nyu654/nyu_nyu_test_0042,depth_boundary,26578,0.0900703454124129,0.32671320733963766,0.7155383595136401
NYUv2,nyu654/nyu_nyu_test_0043,full,89523,0.08354702095848848,0.41464970252011685,0.9868651445570651
NYUv2,nyu654/nyu_nyu_test_0043,sensor_hole,14558,0.15590832610052774,0.7189443969173015,1.274694030206082
NYUv2,nyu654/nyu_nyu_test_0043,depth_boundary,22929,0.18149849693759154,0.8472405042570953,1.5269657457516859
NYUv2,nyu654/nyu_nyu_test_0044,full,89523,0.09201394505302155,0.4875662422428653,1.3060414746459765
NYUv2,nyu654/nyu_nyu_test_0044,sensor_hole,19337,0.32966755222961736,1.817669048241883,2.6675765975430967
NYUv2,nyu654/nyu_nyu_test_0044,depth_boundary,24596,0.16748444571592533,0.8892819966886427,1.7072050114056658
NYUv2,nyu654/nyu_nyu_test_0045,full,89523,0.08894113761819779,0.47574551915408164,1.0854928853326298
NYUv2,nyu654/nyu_nyu_test_0045,sensor_hole,25886,0.22720923602349233,1.2664135651077082,1.892467408423526
NYUv2,nyu654/nyu_nyu_test_0045,depth_boundary,28786,0.14079841471798366,0.6819317133458305,1.2954427549510499
NYUv2,nyu654/nyu_nyu_test_0046,full,89523,0.068027295721772,0.3220322590528991,0.9155959614876025
NYUv2,nyu654/nyu_nyu_test_0046,sensor_hole,16352,0.17962518213204437,0.9087488167461759,1.5318212308629844
NYUv2,nyu654/nyu_nyu_test_0046,depth_boundary,23369,0.14534213696466533,0.6197205657212989,1.3841298338644774
NYUv2,nyu654/nyu_nyu_test_0047,full,89523,0.1064103399499007,0.6502880246539408,1.1835510559757665
NYUv2,nyu654/nyu_nyu_test_0047,sensor_hole,37564,0.18026528155210658,1.0930328458633276,1.5814407440540723
NYUv2,nyu654/nyu_nyu_test_0047,depth_boundary,24152,0.10782316674555428,0.5745119182291154,1.0127171528794507
NYUv2,nyu654/nyu_nyu_test_0048,full,89523,0.0977451650309176,0.5621500361209812,1.0909484391283748
NYUv2,nyu654/nyu_nyu_test_0048,sensor_hole,32313,0.20207212427330862,1.1602939175049825,1.7064522506962745
NYUv2,nyu654/nyu_nyu_test_0048,depth_boundary,29220,0.13093449918029612,0.6569690642945983,1.1769408989927075
NYUv2,nyu654/nyu_nyu_test_0049,full,89523,0.11583196186067417,0.6110311166583369,1.5374807760622418
NYUv2,nyu654/nyu_nyu_test_0049,sensor_hole,23500,0.2864620002253195,1.6677571534197382,2.788916083604062
NYUv2,nyu654/nyu_nyu_test_0049,depth_boundary,30542,0.15772555619274162,0.7615622346195597,1.529440987606901
NYUv2,nyu654/nyu_nyu_test_0050,full,89523,0.02239499562974614,0.055502097679471105,0.2357673309549163
NYUv2,nyu654/nyu_nyu_test_0050,sensor_hole,6787,0.1676667838095485,0.44253364200530215,0.8421866045569543
NYUv2,nyu654/nyu_nyu_test_0050,depth_boundary,7662,0.11193662748178732,0.26497753461201984,0.58543477919125
NYUv2,nyu654/nyu_nyu_test_0051,full,89523,0.009514212447664707,0.019111338608567705,0.04904755734739869
NYUv2,nyu654/nyu_nyu_test_0051,sensor_hole,2822,0.05388794096414618,0.11508866137092963,0.1757687496292271
NYUv2,nyu654/nyu_nyu_test_0051,depth_boundary,7243,0.039042236901514635,0.07162987176973352,0.1418956832146671
NYUv2,nyu654/nyu_nyu_test_0052,full,89523,0.017326073891978787,0.029219753019982007,0.05387722643097939
NYUv2,nyu654/nyu_nyu_test_0052,sensor_hole,12739,0.03920707874334019,0.05578214511250727,0.10650701429967248
NYUv2,nyu654/nyu_nyu_test_0052,depth_boundary,11840,0.03678375040061652,0.052565450130684956,0.09417921487443545
NYUv2,nyu654/nyu_nyu_test_0053,full,89523,0.011503434780738862,0.012754984337572222,0.026617743645789012
NYUv2,nyu654/nyu_nyu_test_0053,sensor_hole,6446,0.049380436905433554,0.053377662807601305,0.07767097079580546
NYUv2,nyu654/nyu_nyu_test_0053,depth_boundary,7767,0.041979663324921694,0.04381570977809823,0.06404896280452056
NYUv2,nyu654/nyu_nyu_test_0054,full,89523,0.010123086018578123,0.01214341963948603,0.026696827926942786
NYUv2,nyu654/nyu_nyu_test_0054,sensor_hole,4009,0.04565539458298737,0.05009297249352257,0.0819185079750188
NYUv2,nyu654/nyu_nyu_test_0054,depth_boundary,8624,0.037109763529562446,0.04217277889542544,0.06702041569101713
NYUv2,nyu654/nyu_nyu_test_0055,full,89523,0.015207024523694736,0.027034092649620887,0.050204439578871475
NYUv2,nyu654/nyu_nyu_test_0055,sensor_hole,8513,0.04497269995598821,0.06869527464059717,0.10388782085220924
NYUv2,nyu654/nyu_nyu_test_0055,depth_boundary,11305,0.03887551849336981,0.0628721595232279,0.09910436314421392
NYUv2,nyu654/nyu_nyu_test_0056,full,89523,0.012109648173276474,0.016298131944453478,0.027140637799804256
NYUv2,nyu654/nyu_nyu_test_0056,sensor_hole,8513,0.03142089939906319,0.03840588286832372,0.06003363659527921
NYUv2,nyu654/nyu_nyu_test_0056,depth_boundary,9572,0.028275659361773814,0.03425858734892444,0.057711222147917865
NYUv2,nyu654/nyu_nyu_test_0057,full,89523,0.010945420438825102,0.013951663788623886,0.027444381051343832
NYUv2,nyu654/nyu_nyu_test_0057,sensor_hole,5082,0.036442267537177324,0.04141694974683486,0.06518895616529385
NYUv2,nyu654/nyu_nyu_test_0057,depth_boundary,7754,0.03241625384468339,0.038170808802753003,0.06042392326085331
NYUv2,nyu654/nyu_nyu_test_0058,full,89523,0.02121501000186904,0.048383233584442374,0.2054055665954663
NYUv2,nyu654/nyu_nyu_test_0058,sensor_hole,6377,0.16650971663156544,0.4062274909232578,0.7403749735096884
NYUv2,nyu654/nyu_nyu_test_0058,depth_boundary,10207,0.09978978880592415,0.22846824150308756,0.49497251342824694
NYUv2,nyu654/nyu_nyu_test_0059,full,89523,0.016778171591056726,0.029490173757179463,0.06336061656272639
NYUv2,nyu654/nyu_nyu_test_0059,sensor_hole,7888,0.05359281071864579,0.08444006997963478,0.13253984903112026
NYUv2,nyu654/nyu_nyu_test_0059,depth_boundary,8117,0.05329483363714243,0.08665064310255023,0.13164595433647974
NYUv2,nyu654/nyu_nyu_test_0060,full,89523,0.013104026866053893,0.03169652065112705,0.054229329757117195
NYUv2,nyu654/nyu_nyu_test_0060,sensor_hole,3093,0.05614911654012388,0.10633383585803145,0.1682408838140792
NYUv2,nyu654/nyu_nyu_test_0060,depth_boundary,5547,0.043546197763618136,0.0884027808813312,0.14614476612277078
NYUv2,nyu654/nyu_nyu_test_0061,full,89523,0.010541942339640446,0.024241509470904428,0.05199522719409437
NYUv2,nyu654/nyu_nyu_test_0061,sensor_hole,5074,0.045182854626099424,0.0991047607381653,0.13634350839410667
NYUv2,nyu654/nyu_nyu_test_0061,depth_boundary,7631,0.036609902673698555,0.08194435353579675,0.12768170558361716
NYUv2,nyu654/nyu_nyu_test_0062,full,89523,0.01608587690963738,0.03358705156739475,0.08374955691714586
NYUv2,nyu654/nyu_nyu_test_0062,sensor_hole,11295,0.05830167866762639,0.1052728993009286,0.20835662917321618
NYUv2,nyu654/nyu_nyu_test_0062,depth_boundary,9682,0.054011627039272245,0.10453072711102014,0.2080466106358305
NYUv2,nyu654/nyu_nyu_test_0063,full,89523,0.011704442785846581,0.026441241421760298,0.06398822382398034
NYUv2,nyu654/nyu_nyu_test_0063,sensor_hole,1771,0.10065870238221497,0.1819683052199766,0.2973081644026086
NYUv2,nyu654/nyu_nyu_test_0063,depth_boundary,4486,0.07732503067923252,0.13914205755073472,0.24232185764245814
NYUv2,nyu654/nyu_nyu_test_0064,full,89523,0.005757102522235165,0.008785932816386685,0.02207462906943247
NYUv2,nyu654/nyu_nyu_test_0064,sensor_hole,3339,0.030833359234164495,0.046391582196256505,0.06939321156609882
NYUv2,nyu654/nyu_nyu_test_0064,depth_boundary,5660,0.027536773368424437,0.040963610090552285,0.06328901112734732
NYUv2,nyu654/nyu_nyu_test_0065,full,89523,0.0128405929381287,0.02577849295091295,0.05836519868019424
NYUv2,nyu654/nyu_nyu_test_0065,sensor_hole,11271,0.0270110417048593,0.05458421822861743,0.09784799494378914
NYUv2,nyu654/nyu_nyu_test_0065,depth_boundary,10999,0.04286595784963873,0.08501700728966416,0.12327494153146198
NYUv2,nyu654/nyu_nyu_test_0066,full,89523,0.010795803928743195,0.036529899161488064,0.1098304684026848
NYUv2,nyu654/nyu_nyu_test_0066,sensor_hole,3367,0.056128770224941275,0.21124314659952514,0.36131567638054185
NYUv2,nyu654/nyu_nyu_test_0066,depth_boundary,10058,0.038081729583545575,0.13626013677526502,0.29898715842863344
NYUv2,nyu654/nyu_nyu_test_0067,full,89523,0.013311611516273684,0.051448620397819306,0.17454584297963124
NYUv2,nyu654/nyu_nyu_test_0067,sensor_hole,2348,0.05664601652308653,0.261268307088384,0.509892443011557
NYUv2,nyu654/nyu_nyu_test_0067,depth_boundary,13072,0.04056471862267452,0.1616099844054026,0.41821759807626935
NYUv2,nyu654/nyu_nyu_test_0068,full,89523,0.015979977827752723,0.04951517852095754,0.16457119646861965
NYUv2,nyu654/nyu_nyu_test_0068,sensor_hole,3224,0.12378825036015093,0.3664232706535543,0.6626404275763554
NYUv2,nyu654/nyu_nyu_test_0068,depth_boundary,12145,0.06733885422987129,0.19663643157251484,0.4267468580522429
NYUv2,nyu654/nyu_nyu_test_0069,full,89523,0.029005277028564962,0.07157310611468802,0.20778234585403366
NYUv2,nyu654/nyu_nyu_test_0069,sensor_hole,5566,0.2270274495684899,0.39732723509370105,0.6975123322939772
NYUv2,nyu654/nyu_nyu_test_0069,depth_boundary,10120,0.11587392886187375,0.2403507680878809,0.5009970054063753
NYUv2,nyu654/nyu_nyu_test_0070,full,89523,0.01812027209733534,0.04157049098198114,0.08677191880379144
NYUv2,nyu654/nyu_nyu_test_0070,sensor_hole,8462,0.03692802636360971,0.06674500485594688,0.177293823903445
NYUv2,nyu654/nyu_nyu_test_0070,depth_boundary,9560,0.04958153231647585,0.09511574947559684,0.21066914203567158
NYUv2,nyu654/nyu_nyu_test_0071,full,89523,0.01024140886930953,0.018971656187156204,0.035334756526649407
NYUv2,nyu654/nyu_nyu_test_0071,sensor_hole,1366,0.03415965368471464,0.055793671141955374,0.08785329620209549
NYUv2,nyu654/nyu_nyu_test_0071,depth_boundary,7257,0.03384217619968136,0.05734138701003791,0.09248861898595716
NYUv2,nyu654/nyu_nyu_test_0072,full,89523,0.009735679570653745,0.023836600304837693,0.04689904729364745
NYUv2,nyu654/nyu_nyu_test_0072,sensor_hole,1777,0.03888355841171265,0.0943229093133028,0.17436016173829458
NYUv2,nyu654/nyu_nyu_test_0072,depth_boundary,7205,0.030810648223877433,0.07391793193459759,0.13615653768759534
NYUv2,nyu654/nyu_nyu_test_0073,full,89523,0.012797162058952243,0.028404543641710186,0.06237351411237756
NYUv2,nyu654/nyu_nyu_test_0073,sensor_hole,10622,0.03380617506832181,0.0754792229634538,0.13359644898082013
NYUv2,nyu654/nyu_nyu_test_0073,depth_boundary,11145,0.040307422757775754,0.08327832426817335,0.15024812242562233
NYUv2,nyu654/nyu_nyu_test_0074,full,89523,0.009520320994395065,0.020394683864277712,0.05189650242795288
NYUv2,nyu654/nyu_nyu_test_0074,sensor_hole,4012,0.036994786686218986,0.08255513319940652,0.13695283293628982
NYUv2,nyu654/nyu_nyu_test_0074,depth_boundary,7696,0.04065735000880249,0.08218091374685264,0.15739911323322767
NYUv2,nyu654/nyu_nyu_test_0075,full,89523,0.007704502036654738,0.015856736817394065,0.03060181295141414
NYUv2,nyu654/nyu_nyu_test_0075,sensor_hole,405,0.02152355656733736,0.037282398894981104,0.0729599510197844
NYUv2,nyu654/nyu_nyu_test_0075,depth_boundary,4526,0.03011643551451645,0.05657673498407382,0.1023892482397568
NYUv2,nyu654/nyu_nyu_test_0076,full,89523,0.015380477805810342,0.026103670198154138,0.06331142059214033
NYUv2,nyu654/nyu_nyu_test_0076,sensor_hole,5100,0.05571685956154416,0.08629620279751572,0.1485061590557628
NYUv2,nyu654/nyu_nyu_test_0076,depth_boundary,4407,0.08445928927139867,0.13474925292817702,0.20493060541400202
NYUv2,nyu654/nyu_nyu_test_0077,full,89523,0.019643671793579898,0.04133915687794354,0.12195311662277729
NYUv2,nyu654/nyu_nyu_test_0077,sensor_hole,15103,0.07024427559291073,0.14150986327782755,0.2583537505142279
NYUv2,nyu654/nyu_nyu_test_0077,depth_boundary,11477,0.07840005279331419,0.16299471775081356,0.2831693783290337
NYUv2,nyu654/nyu_nyu_test_0078,full,89523,0.03347834564930568,0.11098102155136612,0.35899896236281614
NYUv2,nyu654/nyu_nyu_test_0078,sensor_hole,16594,0.09455824144582901,0.2895984928392712,0.5991752656186852
NYUv2,nyu654/nyu_nyu_test_0078,depth_boundary,11692,0.11339139717294996,0.38788383919777547,0.7444714240614818
NYUv2,nyu654/nyu_nyu_test_0079,full,89523,0.013048387053250352,0.024197829598874378,0.04854894602777655
NYUv2,nyu654/nyu_nyu_test_0079,sensor_hole,10186,0.03950564404580787,0.07310133725375481,0.10588930228005684
NYUv2,nyu654/nyu_nyu_test_0079,depth_boundary,9441,0.033001958135326616,0.05970101494895694,0.09399020181120075
NYUv2,nyu654/nyu_nyu_test_0080,full,89523,0.012622338850395619,0.024877981115955877,0.05817342762368393
NYUv2,nyu654/nyu_nyu_test_0080,sensor_hole,12970,0.038890460085168284,0.07700858877177595,0.1111390417510631
NYUv2,nyu654/nyu_nyu_test_0080,depth_boundary,8204,0.041381873366648635,0.08279107000291899,0.1206433519130979
NYUv2,nyu654/nyu_nyu_test_0081,full,89523,0.012810682729684454,0.023745436498376647,0.07409668530075704
NYUv2,nyu654/nyu_nyu_test_0081,sensor_hole,3040,0.07864594286325487,0.11723162488717782,0.23986487785996408
NYUv2,nyu654/nyu_nyu_test_0081,depth_boundary,5056,0.09021057943094586,0.14627457511481606,0.2665986318822298
NYUv2,nyu654/nyu_nyu_test_0082,full,89523,0.010532030677412195,0.027140746440431296,0.04376628920427844
NYUv2,nyu654/nyu_nyu_test_0082,sensor_hole,3974,0.030181716207263534,0.08427148472440861,0.12879568914328918
NYUv2,nyu654/nyu_nyu_test_0082,depth_boundary,6286,0.02661569665870193,0.057221871631524,0.10426183469469148
NYUv2,nyu654/nyu_nyu_test_0083,full,89523,0.018170451591463157,0.029946836058419125,0.06753602137370511
NYUv2,nyu654/nyu_nyu_test_0083,sensor_hole,12021,0.05361498291860574,0.07975731014203791,0.11343597190809927
NYUv2,nyu654/nyu_nyu_test_0083,depth_boundary,12005,0.04807162221878172,0.07808736508610545,0.11976823601653278
NYUv2,nyu654/nyu_nyu_test_0084,full,89523,0.00571076332754814,0.010927221109065922,0.035322455325951164
NYUv2,nyu654/nyu_nyu_test_0084,sensor_hole,2873,0.05283363711122167,0.10135299886430633,0.16609929992091868
NYUv2,nyu654/nyu_nyu_test_0084,depth_boundary,3736,0.04094424078414786,0.07719439357455334,0.1206654430602034
NYUv2,nyu654/nyu_nyu_test_0085,full,89523,0.008076209247099198,0.018441944779434973,0.05299204782218615
NYUv2,nyu654/nyu_nyu_test_0085,sensor_hole,3354,0.04654272547076837,0.09013425571689594,0.15954332160741455
NYUv2,nyu654/nyu_nyu_test_0085,depth_boundary,6693,0.04476032857985255,0.10191016130947522,0.16831294473325864
NYUv2,nyu654/nyu_nyu_test_0086,full,89523,0.007348959835726973,0.012411417484459219,0.02841617518909345
NYUv2,nyu654/nyu_nyu_test_0086,sensor_hole,3306,0.03396435371781308,0.05684797084482958,0.09516290021899132
NYUv2,nyu654/nyu_nyu_test_0086,depth_boundary,4460,0.038278650296605966,0.06371861963528688,0.10064256043678196
NYUv2,nyu654/nyu_nyu_test_0087,full,89523,0.01656352371806907,0.0273407744483534,0.12140300350431127
NYUv2,nyu654/nyu_nyu_test_0087,sensor_hole,3521,0.04426443970840123,0.07552100927509459,0.19667880111173394
NYUv2,nyu654/nyu_nyu_test_0087,depth_boundary,5623,0.0539895068422616,0.08761134845981941,0.22666906050706018
NYUv2,nyu654/nyu_nyu_test_0088,full,89523,0.01388325986020667,0.02056505476468482,0.09059823402110459
NYUv2,nyu654/nyu_nyu_test_0088,sensor_hole,9185,0.04079568807614097,0.058287976024328655,0.20553138906480573
NYUv2,nyu654/nyu_nyu_test_0088,depth_boundary,9382,0.0426278485431947,0.06907810884811964,0.24082231907051485
NYUv2,nyu654/nyu_nyu_test_0089,full,89523,0.00898198535077217,0.00986496824847109,0.024763822044932986
NYUv2,nyu654/nyu_nyu_test_0089,sensor_hole,8956,0.01253095986557144,0.013131571866242467,0.026009953116885195
NYUv2,nyu654/nyu_nyu_test_0089,depth_boundary,4491,0.04122231139348564,0.04635700373096419,0.08658343596417364
NYUv2,nyu654/nyu_nyu_test_0090,full,89523,0.020711331532057828,0.032296895404915725,0.07962279846709489
NYUv2,nyu654/nyu_nyu_test_0090,sensor_hole,10521,0.08641456176667033,0.13971609307178445,0.1940612013025722
NYUv2,nyu654/nyu_nyu_test_0090,depth_boundary,10409,0.05805861321875624,0.08250340012815045,0.13761070770335582
NYUv2,nyu654/nyu_nyu_test_0091,full,89523,0.00903533340822769,0.020615676075412193,0.07101929820806743
NYUv2,nyu654/nyu_nyu_test_0091,sensor_hole,4890,0.02814851608100248,0.056276067024847234,0.12225703737733279
NYUv2,nyu654/nyu_nyu_test_0091,depth_boundary,6942,0.03737233614823239,0.09349651511482737,0.2074411796170292
NYUv2,nyu654/nyu_nyu_test_0092,full,89523,0.027816095828746914,0.057896929532637385,0.1681627172962228
NYUv2,nyu654/nyu_nyu_test_0092,sensor_hole,17104,0.08795564864013927,0.1954431923940931,0.33938028120495756
NYUv2,nyu654/nyu_nyu_test_0092,depth_boundary,11232,0.11598741618895808,0.2121679859548977,0.35357113251375955
NYUv2,nyu654/nyu_nyu_test_0093,full,89523,0.06119384884874057,0.21767912244990634,0.6279232572553589
NYUv2,nyu654/nyu_nyu_test_0093,sensor_hole,19651,0.15736966915173284,0.5300358706992077,0.9350584077825072
NYUv2,nyu654/nyu_nyu_test_0093,depth_boundary,17355,0.1701842279982407,0.5956905512533625,1.114985856240134
NYUv2,nyu654/nyu_nyu_test_0094,full,89523,0.007861411978079814,0.018911067384293073,0.0573882208167577
NYUv2,nyu654/nyu_nyu_test_0094,sensor_hole,1359,0.06473663328024616,0.1728877668612314,0.2808616032959969
NYUv2,nyu654/nyu_nyu_test_0094,depth_boundary,5036,0.04330177837699429,0.11106707336790889,0.21586618620265854
NYUv2,nyu654/nyu_nyu_test_0095,full,89523,0.013726392601197665,0.0453630338177429,0.17367328210939934
NYUv2,nyu654/nyu_nyu_test_0095,sensor_hole,4788,0.09142795274986192,0.37001165545972664,0.6937122407184131
NYUv2,nyu654/nyu_nyu_test_0095,depth_boundary,11444,0.05206352445669064,0.18163444509626225,0.45571338812146284
NYUv2,nyu654/nyu_nyu_test_0096,full,89523,0.019359331093333498,0.0659640713284954,0.21300143657782442
NYUv2,nyu654/nyu_nyu_test_0096,sensor_hole,8703,0.1080016798095584,0.40929326461290993,0.6113467044125181
NYUv2,nyu654/nyu_nyu_test_0096,depth_boundary,7413,0.08582166006543082,0.31328761540619643,0.5251666038279601
NYUv2,nyu654/nyu_nyu_test_0097,full,89523,0.010897970691248258,0.02666480411158055,0.0375668153503359
NYUv2,nyu654/nyu_nyu_test_0097,sensor_hole,12307,0.015066974382917939,0.03304990350914358,0.05054896594217111
NYUv2,nyu654/nyu_nyu_test_0097,depth_boundary,5281,0.025084876672341064,0.05461082321250784,0.08061558076106694
NYUv2,nyu654/nyu_nyu_test_0098,full,89523,0.02332560535470514,0.08242959749850043,0.2476328046725631
NYUv2,nyu654/nyu_nyu_test_0098,sensor_hole,13182,0.07311400323717376,0.2101570376404282,0.37848191972772804
NYUv2,nyu654/nyu_nyu_test_0098,depth_boundary,13351,0.08158179956253579,0.2881639481983723,0.5205901368149327
NYUv2,nyu654/nyu_nyu_test_0099,full,89523,0.0159391182190435,0.04465727175083567,0.11291009297275136
NYUv2,nyu654/nyu_nyu_test_0099,sensor_hole,3952,0.07977785874491163,0.19565022133501916,0.3106690473988306
NYUv2,nyu654/nyu_nyu_test_0099,depth_boundary,12806,0.05533170250315911,0.14661599123420221,0.26872583188365395
NYUv2,nyu654/nyu_nyu_test_0100,full,89523,0.021344462873782943,0.05237684591314811,0.12577618314702954
NYUv2,nyu654/nyu_nyu_test_0100,sensor_hole,7249,0.08275200149593766,0.16647854978124887,0.26535601229311545
NYUv2,nyu654/nyu_nyu_test_0100,depth_boundary,17358,0.0491744397675817,0.11980566418806876,0.23091715153937895
NYUv2,nyu654/nyu_nyu_test_0101,full,89523,0.05134919645280982,0.09368828891364235,0.1729443050302414
NYUv2,nyu654/nyu_nyu_test_0101,sensor_hole,14201,0.21888161527833502,0.29325680110364066,0.3855078579680395
NYUv2,nyu654/nyu_nyu_test_0101,depth_boundary,14042,0.08574814073214189,0.1382457615388219,0.25184681604880266
NYUv2,nyu654/nyu_nyu_test_0102,full,89523,0.012092429659004263,0.045642865135172676,0.1225720213541023
NYUv2,nyu654/nyu_nyu_test_0102,sensor_hole,6558,0.041296201237888415,0.14583316122696655,0.265683544790514
NYUv2,nyu654/nyu_nyu_test_0102,depth_boundary,12555,0.036868279327643104,0.14081536944004608,0.28172987227825397
NYUv2,nyu654/nyu_nyu_test_0103,full,89523,0.019333875043386763,0.06752472568098654,0.2177499111462927
NYUv2,nyu654/nyu_nyu_test_0103,sensor_hole,9465,0.06389230726373049,0.22969814382151077,0.4884678927089432
NYUv2,nyu654/nyu_nyu_test_0103,depth_boundary,10947,0.06019023352454258,0.21228290202030256,0.4425334769947793
NYUv2,nyu654/nyu_nyu_test_0104,full,89523,0.0247968599680761,0.0361082642375321,0.05398319727252323
NYUv2,nyu654/nyu_nyu_test_0104,sensor_hole,20346,0.049956183330505256,0.053647562171533304,0.07631022935641048
NYUv2,nyu654/nyu_nyu_test_0104,depth_boundary,10321,0.04826907381926124,0.06611513304347713,0.0977846466784168
NYUv2,nyu654/nyu_nyu_test_0105,full,89523,0.01897268773224638,0.044852526477547484,0.07926413211608753
NYUv2,nyu654/nyu_nyu_test_0105,sensor_hole,4350,0.06628560808069493,0.13084250972188752,0.194764900880106
NYUv2,nyu654/nyu_nyu_test_0105,depth_boundary,11459,0.05372545230123296,0.11199701658374238,0.182774134789545
NYUv2,nyu654/nyu_nyu_test_0106,full,89523,0.022328275558833294,0.06465028823384113,0.17780286486259037
NYUv2,nyu654/nyu_nyu_test_0106,sensor_hole,6206,0.11539204517126626,0.2478878857472463,0.4901992288898104
NYUv2,nyu654/nyu_nyu_test_0106,depth_boundary,13127,0.08024175459127222,0.1929956470838439,0.43035759780682825
NYUv2,nyu654/nyu_nyu_test_0107,full,89523,0.035136388308337915,0.17485295517528796,0.3884376877091711
NYUv2,nyu654/nyu_nyu_test_0107,sensor_hole,34381,0.05510379431581605,0.27447460963357745,0.55626811754637
NYUv2,nyu654/nyu_nyu_test_0107,depth_boundary,23818,0.05750969957568354,0.2958958030838101,0.566119371166522
NYUv2,nyu654/nyu_nyu_test_0108,full,89523,0.08571999570819686,0.5565153961812928,0.835522020033832
NYUv2,nyu654/nyu_nyu_test_0108,sensor_hole,44819,0.13331094871452034,0.811398831297721,1.1028820243087558
NYUv2,nyu654/nyu_nyu_test_0108,depth_boundary,22914,0.09334641523955148,0.557178829439837,0.8426991676589604
NYUv2,nyu654/nyu_nyu_test_0109,full,89523,0.050510913355812134,0.2869982809091679,0.675147992130741
NYUv2,nyu654/nyu_nyu_test_0109,sensor_hole,18958,0.13751404242370088,0.767005161967933,1.1781809337084
NYUv2,nyu654/nyu_nyu_test_0109,depth_boundary,27705,0.07201566142072552,0.3904689617738722,0.7490351481194729
NYUv2,nyu654/nyu_nyu_test_0110,full,89523,0.01523612183879257,0.04413170194012783,0.0759448678681788
NYUv2,nyu654/nyu_nyu_test_0110,sensor_hole,13371,0.0263244073122112,0.06578238321022876,0.13482335900311893
NYUv2,nyu654/nyu_nyu_test_0110,depth_boundary,12525,0.029055680494491306,0.07585806931326251,0.1406974093386818
NYUv2,nyu654/nyu_nyu_test_0111,full,89523,0.012616472768619623,0.037527591363248874,0.07212799792114134
NYUv2,nyu654/nyu_nyu_test_0111,sensor_hole,13199,0.034384883240733966,0.09011407061610875,0.15022446377199306
NYUv2,nyu654/nyu_nyu_test_0111,depth_boundary,8002,0.03358777984791309,0.10136257365655077,0.16484942534321742
NYUv2,nyu654/nyu_nyu_test_0112,full,89523,0.014362716242878182,0.0335999874977423,0.060152052703362685
NYUv2,nyu654/nyu_nyu_test_0112,sensor_hole,9036,0.04938066374378355,0.09351966079223889,0.13395281674632836
NYUv2,nyu654/nyu_nyu_test_0112,depth_boundary,9868,0.047392443291001014,0.09410470535651749,0.13702613704485378
NYUv2,nyu654/nyu_nyu_test_0113,full,89523,0.008637259632887773,0.016874014108188964,0.04065823250250663
NYUv2,nyu654/nyu_nyu_test_0113,sensor_hole,4371,0.053183450262169425,0.1032587260355586,0.14273381310445327
NYUv2,nyu654/nyu_nyu_test_0113,depth_boundary,4469,0.04109310788665631,0.08344623527155544,0.13474588979639635
NYUv2,nyu654/nyu_nyu_test_0114,full,89523,0.03166870090969153,0.12789002069445762,0.27423530822075526
NYUv2,nyu654/nyu_nyu_test_0114,sensor_hole,21972,0.07685930668374649,0.3122941145865661,0.5111192800260392
NYUv2,nyu654/nyu_nyu_test_0114,depth_boundary,16496,0.07086435116361008,0.2577236683824245,0.44363499056454725
NYUv2,nyu654/nyu_nyu_test_0115,full,89523,0.015999039264068073,0.05337909048615068,0.1192401400960064
NYUv2,nyu654/nyu_nyu_test_0115,sensor_hole,11724,0.04929417316613258,0.1802143060441149,0.2854364623971415
NYUv2,nyu654/nyu_nyu_test_0115,depth_boundary,9761,0.05015677084659858,0.1556163713856562,0.25687541784334406
NYUv2,nyu654/nyu_nyu_test_0116,full,89523,0.03445737172249921,0.12520264955899252,0.2514673118249804
NYUv2,nyu654/nyu_nyu_test_0116,sensor_hole,20716,0.08865038027183203,0.2965711112083627,0.45866157475281316
NYUv2,nyu654/nyu_nyu_test_0116,depth_boundary,18737,0.08707441491342272,0.28332786110375474,0.462237978755494
NYUv2,nyu654/nyu_nyu_test_0117,full,89523,0.019520153532231393,0.06869880059965373,0.1251341712631979
NYUv2,nyu654/nyu_nyu_test_0117,sensor_hole,20767,0.04095837783248515,0.16426613687659547,0.20901609796382525
NYUv2,nyu654/nyu_nyu_test_0117,depth_boundary,10891,0.04185708393563116,0.12903778467194982,0.2125064734907922
NYUv2,nyu654/nyu_nyu_test_0118,full,89523,0.024069347330188878,0.0768901124755889,0.1908059650513574
NYUv2,nyu654/nyu_nyu_test_0118,sensor_hole,9020,0.09363100505976461,0.27113704756728296,0.45928459594387044
NYUv2,nyu654/nyu_nyu_test_0118,depth_boundary,14010,0.07787132902850837,0.22907411750089604,0.401613287745386
NYUv2,nyu654/nyu_nyu_test_0119,full,89523,0.031219752397989377,0.14201113014626637,0.28088524417778254
NYUv2,nyu654/nyu_nyu_test_0119,sensor_hole,26973,0.057210766597508934,0.29107781273811417,0.47404928875985103
NYUv2,nyu654/nyu_nyu_test_0119,depth_boundary,21283,0.0422935475395786,0.17397963020500537,0.3566214812231057
NYUv2,nyu654/nyu_nyu_test_0120,full,89523,0.021555877380778805,0.07578885006113362,0.16612520215939455
NYUv2,nyu654/nyu_nyu_test_0120,sensor_hole,8823,0.0869856661243351,0.28508988393348833,0.39855952832495023
NYUv2,nyu654/nyu_nyu_test_0120,depth_boundary,14299,0.07217363955861852,0.22768253703677277,0.3653490148509295
NYUv2,nyu654/nyu_nyu_test_0121,full,89523,0.02969063867004435,0.1482023329170894,0.3278416333925229
NYUv2,nyu654/nyu_nyu_test_0121,sensor_hole,19287,0.07666586627547756,0.3791637434622928,0.6332269647977653
NYUv2,nyu654/nyu_nyu_test_0121,depth_boundary,23681,0.053191893940480385,0.2533148143607707,0.48516829164005065
NYUv2,nyu654/nyu_nyu_test_0122,full,89523,0.017756128354788625,0.06723560986436247,0.14102554975380185
NYUv2,nyu654/nyu_nyu_test_0122,sensor_hole,4447,0.07453946752069009,0.2342031804100433,0.375822400797823
NYUv2,nyu654/nyu_nyu_test_0122,depth_boundary,12108,0.05696381235389239,0.19164166599758237,0.33509492622367176
NYUv2,nyu654/nyu_nyu_test_0123,full,89523,0.027099859386439,0.11624835568248401,0.2485170528532174
NYUv2,nyu654/nyu_nyu_test_0123,sensor_hole,13082,0.09132008940564192,0.3870103321132301,0.5766390346472313
NYUv2,nyu654/nyu_nyu_test_0123,depth_boundary,20418,0.05798416413982195,0.2250945935264275,0.3969771092981571
NYUv2,nyu654/nyu_nyu_test_0124,full,89523,0.022575596250218762,0.13433947672682595,0.43660417067359775
NYUv2,nyu654/nyu_nyu_test_0124,sensor_hole,8107,0.10962674071140216,0.6377963817441626,1.1434555594993256
NYUv2,nyu654/nyu_nyu_test_0124,depth_boundary,13601,0.07635785458609542,0.4450335642422186,0.8502548714791917
NYUv2,nyu654/nyu_nyu_test_0125,full,89523,0.014315490468283463,0.05533664500150213,0.11772560470960532
NYUv2,nyu654/nyu_nyu_test_0125,sensor_hole,7289,0.05386971301451067,0.21565994362328045,0.3237237993034492
NYUv2,nyu654/nyu_nyu_test_0125,depth_boundary,16010,0.0305719004977294,0.11708616642263962,0.21978532490021727
NYUv2,nyu654/nyu_nyu_test_0126,full,89523,0.012718269204398763,0.04754786619201507,0.1098237163964311
NYUv2,nyu654/nyu_nyu_test_0126,sensor_hole,3771,0.060986717207886544,0.2133259116986866,0.34656610338644406
NYUv2,nyu654/nyu_nyu_test_0126,depth_boundary,12725,0.03741851055478162,0.1367369605234892,0.2464080794377701
NYUv2,nyu654/nyu_nyu_test_0127,full,89523,0.02367272500404394,0.09575871651437068,0.20822515306489472
NYUv2,nyu654/nyu_nyu_test_0127,sensor_hole,12661,0.08245980983153296,0.31522608397461005,0.47011940059126583
NYUv2,nyu654/nyu_nyu_test_0127,depth_boundary,14538,0.05658615306705568,0.20610727851730967,0.36496520339419125
NYUv2,nyu654/nyu_nyu_test_0128,full,89523,0.016596348838080695,0.07063105163532886,0.1449358642149442
NYUv2,nyu654/nyu_nyu_test_0128,sensor_hole,10428,0.04871240134117843,0.21603521181104007,0.32963608343791867
NYUv2,nyu654/nyu_nyu_test_0128,depth_boundary,15914,0.040936369374567495,0.14712918403985528,0.26665423551049633
NYUv2,nyu654/nyu_nyu_test_0129,full,89523,0.009885547161668685,0.027278709322137225,0.0532990242443992
NYUv2,nyu654/nyu_nyu_test_0129,sensor_hole,1130,0.05668086769766472,0.1528197543810954,0.25078789442479615
NYUv2,nyu654/nyu_nyu_test_0129,depth_boundary,7693,0.0343248903328854,0.08903644437615124,0.1461354924108229
NYUv2,nyu654/nyu_nyu_test_0130,full,89523,0.01675101572826895,0.05444418216850755,0.14097337954058492
NYUv2,nyu654/nyu_nyu_test_0130,sensor_hole,5732,0.07338802475576285,0.31958407781295484,0.4815359000090322
NYUv2,nyu654/nyu_nyu_test_0130,depth_boundary,11372,0.04608969543216338,0.14052033356239876,0.246023096698314
NYUv2,nyu654/nyu_nyu_test_0131,full,89523,0.04195859072926393,0.19099900195401073,0.5078122508709254
NYUv2,nyu654/nyu_nyu_test_0131,sensor_hole,20479,0.14611952443988052,0.6898574399391628,1.0380065226576873
NYUv2,nyu654/nyu_nyu_test_0131,depth_boundary,13598,0.04797310109784062,0.20582632268767337,0.3773497581034169
NYUv2,nyu654/nyu_nyu_test_0132,full,89523,0.008535759268270653,0.026773403878226517,0.06642600706865555
NYUv2,nyu654/nyu_nyu_test_0132,sensor_hole,3889,0.03330815904249201,0.12793935700105377,0.2053575110048859
NYUv2,nyu654/nyu_nyu_test_0132,depth_boundary,8545,0.03178077599615884,0.10408506453420908,0.17739757330550204
NYUv2,nyu654/nyu_nyu_test_0133,full,89523,0.02882362466466858,0.09523979487363254,0.25742795484378356
NYUv2,nyu654/nyu_nyu_test_0133,sensor_hole,19086,0.09370042087123369,0.3272683403407779,0.5383125340911259
NYUv2,nyu654/nyu_nyu_test_0133,depth_boundary,17346,0.08001458622636462,0.26502974972405485,0.4634141039746022
NYUv2,nyu654/nyu_nyu_test_0134,full,89523,0.01774812194472686,0.05523390127285893,0.12834422613857954
NYUv2,nyu654/nyu_nyu_test_0134,sensor_hole,12847,0.046760321362099844,0.1642666636872145,0.24846863775210534
NYUv2,nyu654/nyu_nyu_test_0134,depth_boundary,13927,0.05456164244854886,0.16426277966529115,0.2650790704387583
NYUv2,nyu654/nyu_nyu_test_0135,full,89523,0.060056860713278114,0.3550461364940529,1.0737597681077558
NYUv2,nyu654/nyu_nyu_test_0135,sensor_hole,18368,0.23781480118009546,1.4403301772729653,2.352439755419237
NYUv2,nyu654/nyu_nyu_test_0135,depth_boundary,17777,0.05184876094013552,0.2707771102884673,0.5410954853840658
NYUv2,nyu654/nyu_nyu_test_0136,full,89523,0.020124568401491544,0.08215692773743143,0.20000534500023018
NYUv2,nyu654/nyu_nyu_test_0136,sensor_hole,8012,0.07379994929864737,0.26350882335478104,0.4786937311555082
NYUv2,nyu654/nyu_nyu_test_0136,depth_boundary,14256,0.05711591499722255,0.21512993844069214,0.41609574869757315
NYUv2,nyu654/nyu_nyu_test_0137,full,89523,0.038052435878551664,0.15735541548591042,0.3917387570109984
NYUv2,nyu654/nyu_nyu_test_0137,sensor_hole,10915,0.0959775047190104,0.4169583512401013,0.7161959956237992
NYUv2,nyu654/nyu_nyu_test_0137,depth_boundary,19735,0.10412070382774254,0.42587767771476126,0.7127119547115732
NYUv2,nyu654/nyu_nyu_test_0138,full,89523,0.04660570867541751,0.22834249484789773,0.48822933616840114
NYUv2,nyu654/nyu_nyu_test_0138,sensor_hole,16714,0.12538682727090283,0.6457469173848265,0.9261630359777095
NYUv2,nyu654/nyu_nyu_test_0138,depth_boundary,28194,0.07603265778078067,0.3794198229548491,0.6674156154039186
NYUv2,nyu654/nyu_nyu_test_0139,full,89523,0.03347668112646565,0.1672580328857795,0.4251692369312101
NYUv2,nyu654/nyu_nyu_test_0139,sensor_hole,16996,0.10411104194896861,0.5274948370291166,0.8855646866111881
NYUv2,nyu654/nyu_nyu_test_0139,depth_boundary,23958,0.0560118105841115,0.29624827729211706,0.5591035768084963
NYUv2,nyu654/nyu_nyu_test_0140,full,89523,0.012200557604993275,0.053877764955775044,0.1470712368680332
NYUv2,nyu654/nyu_nyu_test_0140,sensor_hole,6699,0.0356714353157411,0.18395754610856874,0.33089253233429483
NYUv2,nyu654/nyu_nyu_test_0140,depth_boundary,12310,0.039221824578165976,0.18929659532009344,0.3377230913763784
NYUv2,nyu654/nyu_nyu_test_0141,full,89523,0.025285926518622954,0.15141327986907857,0.4199381162348206
NYUv2,nyu654/nyu_nyu_test_0141,sensor_hole,16016,0.08446650745331603,0.5473235294922487,0.9199618231593865
NYUv2,nyu654/nyu_nyu_test_0141,depth_boundary,17106,0.06924380110208629,0.42967010426630015,0.8177393565106612
NYUv2,nyu654/nyu_nyu_test_0142,full,89523,0.015609884323567328,0.06398898128817473,0.16667118867485783
NYUv2,nyu654/nyu_nyu_test_0142,sensor_hole,3862,0.07444970160971699,0.31339408714248995,0.5217846056532052
NYUv2,nyu654/nyu_nyu_test_0142,depth_boundary,9594,0.06746364743098927,0.25684993983259397,0.4617202246726533
NYUv2,nyu654/nyu_nyu_test_0143,full,89523,0.02476351437802163,0.08233783688191607,0.16748423059459247
NYUv2,nyu654/nyu_nyu_test_0143,sensor_hole,12030,0.07911307599931386,0.24720652617718514,0.32690725035980717
NYUv2,nyu654/nyu_nyu_test_0143,depth_boundary,16081,0.06772566939430925,0.1812875235223791,0.29016141678322593
NYUv2,nyu654/nyu_nyu_test_0144,full,89523,0.013990950198918928,0.04267913814180798,0.09167797944764068
NYUv2,nyu654/nyu_nyu_test_0144,sensor_hole,10558,0.03032989855596999,0.08949137268632758,0.14356142372977995
NYUv2,nyu654/nyu_nyu_test_0144,depth_boundary,11941,0.044627375772848976,0.12430460077066456,0.21674078913796055
NYUv2,nyu654/nyu_nyu_test_0145,full,89523,0.020657402189953565,0.06953774962914677,0.13874580235322106
NYUv2,nyu654/nyu_nyu_test_0145,sensor_hole,13890,0.047123863693164146,0.15523919786284346,0.2396262233229363
NYUv2,nyu654/nyu_nyu_test_0145,depth_boundary,17522,0.04394703202954623,0.14445217683249692,0.2603782897206015
NYUv2,nyu654/nyu_nyu_test_0146,full,89523,0.017934497818220325,0.04855469635181873,0.10639203245448409
NYUv2,nyu654/nyu_nyu_test_0146,sensor_hole,18513,0.06237201109982857,0.16633081893341883,0.22586603055713447
NYUv2,nyu654/nyu_nyu_test_0146,depth_boundary,3404,0.06394404753600764,0.17179921251906632,0.23624277668237118
NYUv2,nyu654/nyu_nyu_test_0147,full,89523,0.017714070249988924,0.04074200643828951,0.11800467109600932
NYUv2,nyu654/nyu_nyu_test_0147,sensor_hole,10469,0.07345265283307592,0.16103445719552137,0.2975715989282758
NYUv2,nyu654/nyu_nyu_test_0147,depth_boundary,11880,0.06402658920845797,0.14774542206064217,0.2872799192975165
NYUv2,nyu654/nyu_nyu_test_0148,full,89523,0.0328811296871922,0.04657829838826113,0.10736314502667642
NYUv2,nyu654/nyu_nyu_test_0148,sensor_hole,14434,0.08461052591981384,0.10056893016899889,0.14327772767892946
NYUv2,nyu654/nyu_nyu_test_0148,depth_boundary,10502,0.06711835880288848,0.09451945006586306,0.1587162305812378
NYUv2,nyu654/nyu_nyu_test_0149,full,89523,0.010741658316966092,0.021260436476605225,0.05276254490165993
NYUv2,nyu654/nyu_nyu_test_0149,sensor_hole,3847,0.03757878573014681,0.09110156297373839,0.1837770724970377
NYUv2,nyu654/nyu_nyu_test_0149,depth_boundary,14249,0.03331278043931253,0.06385629055282344,0.11972283397247377
NYUv2,nyu654/nyu_nyu_test_0150,full,89523,0.023917841834092964,0.09490103273560145,0.20245869803413202
NYUv2,nyu654/nyu_nyu_test_0150,sensor_hole,19847,0.06219656771991411,0.24161265316481384,0.38422729029995584
NYUv2,nyu654/nyu_nyu_test_0150,depth_boundary,14364,0.051653501715462444,0.20364801845853292,0.35178930067740066
NYUv2,nyu654/nyu_nyu_test_0151,full,89523,0.013374411064861747,0.03578215408901514,0.0873948740917392
NYUv2,nyu654/nyu_nyu_test_0151,sensor_hole,6684,0.060176647346389806,0.1723435595676187,0.24615237551776278
NYUv2,nyu654/nyu_nyu_test_0151,depth_boundary,9071,0.04986704547289947,0.11465896981617488,0.20406907775324332
NYUv2,nyu654/nyu_nyu_test_0152,full,89523,0.01407067372427983,0.04186907574176048,0.10903954630946677
NYUv2,nyu654/nyu_nyu_test_0152,sensor_hole,2817,0.06568758049626876,0.17382958991585956,0.3144020982622911
NYUv2,nyu654/nyu_nyu_test_0152,depth_boundary,7900,0.04675748302923715,0.13045719961576824,0.2629143063975228
NYUv2,nyu654/nyu_nyu_test_0153,full,89523,0.013945204606911791,0.029662530868538112,0.05472893383754326
NYUv2,nyu654/nyu_nyu_test_0153,sensor_hole,3193,0.06261552590013628,0.1117175594602227,0.19623797871550633
NYUv2,nyu654/nyu_nyu_test_0153,depth_boundary,6573,0.05083242585366326,0.09878495777648967,0.16579086552429634
NYUv2,nyu654/nyu_nyu_test_0154,full,89523,0.030233227456383082,0.07380478204181513,0.1237282057570916
NYUv2,nyu654/nyu_nyu_test_0154,sensor_hole,32279,0.04274557655547482,0.09873428287188202,0.17095966795904885
NYUv2,nyu654/nyu_nyu_test_0154,depth_boundary,9493,0.06433996013952127,0.1583596907236623,0.25514590512292296
NYUv2,nyu654/nyu_nyu_test_0155,full,89523,0.025301674812980655,0.09191273354882656,0.32507980262612746
NYUv2,nyu654/nyu_nyu_test_0155,sensor_hole,13401,0.10174890513297298,0.4288811231404932,0.818395709918323
NYUv2,nyu654/nyu_nyu_test_0155,depth_boundary,11962,0.07007187888633083,0.26741342341455404,0.572536377117464
NYUv2,nyu654/nyu_nyu_test_0156,full,89523,0.04529654297957797,0.13454872148120556,0.4244369446716284
NYUv2,nyu654/nyu_nyu_test_0156,sensor_hole,17869,0.1807872279461196,0.5459794999569916,0.9366855873989425
NYUv2,nyu654/nyu_nyu_test_0156,depth_boundary,15908,0.06496808457497487,0.2029404827239737,0.3994901300946107
NYUv2,nyu654/nyu_nyu_test_0157,full,89523,0.013192896575997998,0.026858781037961754,0.06958351637348993
NYUv2,nyu654/nyu_nyu_test_0157,sensor_hole,7293,0.04632907544118317,0.10049409234080804,0.16406194807096733
NYUv2,nyu654/nyu_nyu_test_0157,depth_boundary,12422,0.04842835805581506,0.09963209540577946,0.16981562910597206
NYUv2,nyu654/nyu_nyu_test_0158,full,89523,0.032733898383621785,0.07346489466279443,0.14383340432000655
NYUv2,nyu654/nyu_nyu_test_0158,sensor_hole,26349,0.06633400510811117,0.15322201456660414,0.2338952013391646
NYUv2,nyu654/nyu_nyu_test_0158,depth_boundary,15914,0.07398610330272438,0.14657047002163007,0.25062686110713733
NYUv2,nyu654/nyu_nyu_test_0159,full,89523,0.018606270577678316,0.04452076967329034,0.10686117715305196
NYUv2,nyu654/nyu_nyu_test_0159,sensor_hole,8793,0.06030756937176433,0.14443656833698137,0.21618807574987892
NYUv2,nyu654/nyu_nyu_test_0159,depth_boundary,14571,0.05189980761498715,0.12273356231138756,0.2207433302815331
NYUv2,nyu654/nyu_nyu_test_0160,full,89523,0.022321528326750297,0.058426596703103295,0.14128972503207224
NYUv2,nyu654/nyu_nyu_test_0160,sensor_hole,11134,0.0659553551128661,0.1526028183925424,0.3022951982946491
NYUv2,nyu654/nyu_nyu_test_0160,depth_boundary,13898,0.06456093516085125,0.1561642571273751,0.307870854063421
NYUv2,nyu654/nyu_nyu_test_0161,full,89523,0.01561373287603897,0.04188584479878919,0.09339369278928288
NYUv2,nyu654/nyu_nyu_test_0161,sensor_hole,5163,0.049413332241163226,0.1130958362856785,0.2142790012910372
NYUv2,nyu654/nyu_nyu_test_0161,depth_boundary,9184,0.05419102353831301,0.14011123662210923,0.24551869654065267
NYUv2,nyu654/nyu_nyu_test_0162,full,89523,0.01980108708117943,0.06767237823604959,0.1586618169866363
NYUv2,nyu654/nyu_nyu_test_0162,sensor_hole,8546,0.06853990663845201,0.23644516803106266,0.359663956343915
NYUv2,nyu654/nyu_nyu_test_0162,depth_boundary,14417,0.0566287876695417,0.1803411516144726,0.3260515481498368
NYUv2,nyu654/nyu_nyu_test_0163,full,89523,0.023127447067306756,0.06191711798071423,0.13495187137739134
NYUv2,nyu654/nyu_nyu_test_0163,sensor_hole,13519,0.08070876344113222,0.2133293053888518,0.3041620102385163
NYUv2,nyu654/nyu_nyu_test_0163,depth_boundary,8476,0.08477501051223423,0.2029154389998214,0.33748095263497035
NYUv2,nyu654/nyu_nyu_test_0164,full,89523,0.006302302296849452,0.014744375660279299,0.029327523369819558
NYUv2,nyu654/nyu_nyu_test_0164,sensor_hole,4242,0.024874775505986324,0.05745008305410684,0.08248058051985566
NYUv2,nyu654/nyu_nyu_test_0164,depth_boundary,6045,0.02302327477923313,0.05331851757686921,0.07888934113891809
NYUv2,nyu654/nyu_nyu_test_0165,full,89523,0.02523618315552882,0.12077276568381727,0.5392787822237073
NYUv2,nyu654/nyu_nyu_test_0165,sensor_hole,6685,0.09411163296012151,0.3463892117577341,0.7479632635457327
NYUv2,nyu654/nyu_nyu_test_0165,depth_boundary,13016,0.08603260164174827,0.36961344798961593,0.8959614987671045
NYUv2,nyu654/nyu_nyu_test_0166,full,89523,0.028390224135650854,0.1571551107477969,0.44651281701935297
NYUv2,nyu654/nyu_nyu_test_0166,sensor_hole,23978,0.07264770673654901,0.4228098278040086,0.8385677616265204
NYUv2,nyu654/nyu_nyu_test_0166,depth_boundary,15403,0.07250533412673245,0.3891202002726986,0.8043059319335697
NYUv2,nyu654/nyu_nyu_test_0167,full,89523,0.026216830511811753,0.11814675464089815,0.3336569132842222
NYUv2,nyu654/nyu_nyu_test_0167,sensor_hole,24708,0.062341398839799306,0.2791820420442284,0.5612100887403193
NYUv2,nyu654/nyu_nyu_test_0167,depth_boundary,12608,0.05426953871823367,0.2531427486047981,0.5822957637548221
NYUv2,nyu654/nyu_nyu_test_0168,full,89523,0.03422334802261776,0.11811143660483296,0.3832515373464745
NYUv2,nyu654/nyu_nyu_test_0168,sensor_hole,17379,0.11507579271003124,0.3948547241431096,0.8071545471231436
NYUv2,nyu654/nyu_nyu_test_0168,depth_boundary,14482,0.10957078346168064,0.36730586149764644,0.7312242883771657
NYUv2,nyu654/nyu_nyu_test_0169,full,89523,0.0291582484950068,0.09966731974034151,0.24687183246216804
NYUv2,nyu654/nyu_nyu_test_0169,sensor_hole,15069,0.12355290299382805,0.393580288361424,0.5658089799190695
NYUv2,nyu654/nyu_nyu_test_0169,depth_boundary,11289,0.09520086244474665,0.3014085232519852,0.510367242340521
NYUv2,nyu654/nyu_nyu_test_0170,full,89523,0.041632105483866935,0.13483803155305749,0.2580480456128842
NYUv2,nyu654/nyu_nyu_test_0170,sensor_hole,30222,0.09114790866082453,0.29122716708309826,0.4154190795238088
NYUv2,nyu654/nyu_nyu_test_0170,depth_boundary,8266,0.08831757943063055,0.3033398779200608,0.46787917653591854
NYUv2,nyu654/nyu_nyu_test_0171,full,89523,0.016416000796199932,0.05170801738170237,0.12081736966396339
NYUv2,nyu654/nyu_nyu_test_0171,sensor_hole,10119,0.04127863109881994,0.12711519281528885,0.251629218764404
NYUv2,nyu654/nyu_nyu_test_0171,depth_boundary,6939,0.07129126576140256,0.1672500663986294,0.37081681696826657
NYUv2,nyu654/nyu_nyu_test_0172,full,89523,0.047517131963704676,0.16763016962074806,0.5158561522744607
NYUv2,nyu654/nyu_nyu_test_0172,sensor_hole,31244,0.07137713627130683,0.2042998106352057,0.4110187441834927
NYUv2,nyu654/nyu_nyu_test_0172,depth_boundary,12813,0.09182551243553312,0.3372353383922227,0.7215339196576933
NYUv2,nyu654/nyu_nyu_test_0173,full,89523,0.015523763187325861,0.060181658956654414,0.23132974530783015
NYUv2,nyu654/nyu_nyu_test_0173,sensor_hole,11104,0.060821356858503366,0.2545684545008353,0.6032209018599552
NYUv2,nyu654/nyu_nyu_test_0173,depth_boundary,8910,0.06159415652036987,0.2652830278431928,0.6185178831271736
NYUv2,nyu654/nyu_nyu_test_0174,full,89523,0.02014745889774752,0.06999266602090369,0.23209907898347407
NYUv2,nyu654/nyu_nyu_test_0174,sensor_hole,7127,0.13581369828131584,0.4941589240357437,0.7521006934018557
NYUv2,nyu654/nyu_nyu_test_0174,depth_boundary,10080,0.10042445043858796,0.33768063768271417,0.6058256264594369
NYUv2,nyu654/nyu_nyu_test_0175,full,89523,0.011385746187133528,0.03672922300594392,0.11474272782193976
NYUv2,nyu654/nyu_nyu_test_0175,sensor_hole,2173,0.12140991938699983,0.45543572521955805,0.5985426177708572
NYUv2,nyu654/nyu_nyu_test_0175,depth_boundary,7108,0.048726327764943955,0.1478135560795908,0.2646315374894428
NYUv2,nyu654/nyu_nyu_test_0176,full,89523,0.010912684169784094,0.03342040806488419,0.09028213921400041
NYUv2,nyu654/nyu_nyu_test_0176,sensor_hole,4679,0.0643420372389184,0.20650850080684557,0.2822634548306361
NYUv2,nyu654/nyu_nyu_test_0176,depth_boundary,8198,0.04435366870151324,0.1374288726998818,0.23610826785902825
NYUv2,nyu654/nyu_nyu_test_0177,full,89523,0.0078119786420133945,0.023431606242283406,0.055671263130272895
NYUv2,nyu654/nyu_nyu_test_0177,sensor_hole,1652,0.030015405106130433,0.10666616120292258,0.15886085682485185
NYUv2,nyu654/nyu_nyu_test_0177,depth_boundary,5265,0.030345485078353697,0.09362483239694651,0.1798879309943383
NYUv2,nyu654/nyu_nyu_test_0178,full,89523,0.012199594470372424,0.028675531714616346,0.06527031246505609
NYUv2,nyu654/nyu_nyu_test_0178,sensor_hole,5598,0.06704312275964482,0.14566898299098313,0.2000915666016441
NYUv2,nyu654/nyu_nyu_test_0178,depth_boundary,6772,0.0448512932054616,0.10697500616294424,0.1876241235553322
NYUv2,nyu654/nyu_nyu_test_0179,full,89523,0.004722682752705174,0.008425470994986604,0.02778545688410284
NYUv2,nyu654/nyu_nyu_test_0179,sensor_hole,1069,0.03174226504346401,0.06492828887907337,0.13069116092282204
NYUv2,nyu654/nyu_nyu_test_0179,depth_boundary,3515,0.02885474122003757,0.057545769604646295,0.12349283739110652
NYUv2,nyu654/nyu_nyu_test_0180,full,89523,0.0198814462592888,0.050223947446214695,0.12433850999364901
NYUv2,nyu654/nyu_nyu_test_0180,sensor_hole,5284,0.10650412611762786,0.24400998520002865,0.4058323081506195
NYUv2,nyu654/nyu_nyu_test_0180,depth_boundary,8426,0.08576841650376053,0.196316721955473,0.34292130651981734
NYUv2,nyu654/nyu_nyu_test_0181,full,89523,0.02179235611566091,0.05362667820016691,0.12562841979544295
NYUv2,nyu654/nyu_nyu_test_0181,sensor_hole,8688,0.07679571676853043,0.17712678238886714,0.2872181561388165
NYUv2,nyu654/nyu_nyu_test_0181,depth_boundary,10850,0.07125846193420131,0.15886188786150673,0.25987530237731193
NYUv2,nyu654/nyu_nyu_test_0182,full,89523,0.05214491699804056,0.14515679073790747,0.33007275708991834
NYUv2,nyu654/nyu_nyu_test_0182,sensor_hole,18269,0.21892474886871993,0.5966899185333615,0.7232591672591703
NYUv2,nyu654/nyu_nyu_test_0182,depth_boundary,11382,0.0909325179513741,0.23990825012894426,0.3855336833591844
NYUv2,nyu654/nyu_nyu_test_0183,full,89523,0.029662985248558225,0.12127539245146161,0.3828987846296886
NYUv2,nyu654/nyu_nyu_test_0183,sensor_hole,16314,0.11554287442954099,0.5019847125680887,0.8667175357753569
NYUv2,nyu654/nyu_nyu_test_0183,depth_boundary,13540,0.07165420887653641,0.2798666686656028,0.6200428766776214
NYUv2,nyu654/nyu_nyu_test_0184,full,89523,0.028320236713151644,0.10048711588721401,0.22529030393295113
NYUv2,nyu654/nyu_nyu_test_0184,sensor_hole,24417,0.07126278696566893,0.2715892371339646,0.4188532870611835
NYUv2,nyu654/nyu_nyu_test_0184,depth_boundary,14254,0.05869812441304211,0.21367662197512866,0.3487552196271309
NYUv2,nyu654/nyu_nyu_test_0185,full,89523,0.021468132136286386,0.09269864515989629,0.31731085543075743
NYUv2,nyu654/nyu_nyu_test_0185,sensor_hole,7871,0.10369798948380224,0.40377688769872544,0.8206346630570384
NYUv2,nyu654/nyu_nyu_test_0185,depth_boundary,15575,0.07505922630850284,0.3434268900058434,0.7025014446509062
NYUv2,nyu654/nyu_nyu_test_0186,full,89523,0.026732532881052266,0.07767619108592609,0.16733705416696354
NYUv2,nyu654/nyu_nyu_test_0186,sensor_hole,9685,0.08522477623251797,0.23224133586661988,0.3466774998293888
NYUv2,nyu654/nyu_nyu_test_0186,depth_boundary,14430,0.07380867181567664,0.1924369422041205,0.32099053266022665
NYUv2,nyu654/nyu_nyu_test_0187,full,89523,0.020579407641196448,0.049610562503118814,0.13123021835528462
NYUv2,nyu654/nyu_nyu_test_0187,sensor_hole,10248,0.07054498920943414,0.1548885481372464,0.317462445271282
NYUv2,nyu654/nyu_nyu_test_0187,depth_boundary,14331,0.05594128214413578,0.12824793507769838,0.26488752662087683
NYUv2,nyu654/nyu_nyu_test_0188,full,89523,0.01158175491805192,0.03015906185199022,0.047740296720503894
NYUv2,nyu654/nyu_nyu_test_0188,sensor_hole,3093,0.04345473714570129,0.10713921393386146,0.15058500613087372
NYUv2,nyu654/nyu_nyu_test_0188,depth_boundary,6660,0.031858826150825095,0.06901581668638969,0.10925108718210556
NYUv2,nyu654/nyu_nyu_test_0189,full,89523,0.018722778880588084,0.06061429691414834,0.14748734434697588
NYUv2,nyu654/nyu_nyu_test_0189,sensor_hole,12985,0.06738839944040893,0.22146987731428297,0.3366749856541453
NYUv2,nyu654/nyu_nyu_test_0189,depth_boundary,12303,0.05239126264302405,0.15531153213994286,0.26138081795374085
NYUv2,nyu654/nyu_nyu_test_0190,full,89523,0.02323313115048352,0.06285274494240663,0.14900119413722632
NYUv2,nyu654/nyu_nyu_test_0190,sensor_hole,11385,0.09032800503583072,0.24872072086975036,0.36782507263343545
NYUv2,nyu654/nyu_nyu_test_0190,depth_boundary,13431,0.07310583283459479,0.1860145657009809,0.3219144722937536
NYUv2,nyu654/nyu_nyu_test_0191,full,89523,0.020099570355718566,0.05572929002004466,0.1240229088955278
NYUv2,nyu654/nyu_nyu_test_0191,sensor_hole,9765,0.06792307556129465,0.19013114051823732,0.29417802132163196
NYUv2,nyu654/nyu_nyu_test_0191,depth_boundary,13781,0.06062477256972946,0.15568880604154425,0.2776703891159263
NYUv2,nyu654/nyu_nyu_test_0192,full,89523,0.014689092146775249,0.03743521582005287,0.08338729931478572
NYUv2,nyu654/nyu_nyu_test_0192,sensor_hole,6711,0.05455935969859973,0.1203067119209302,0.2239926010885174
NYUv2,nyu654/nyu_nyu_test_0192,depth_boundary,8220,0.05800093926678499,0.1255197311042289,0.23478297547149882
NYUv2,nyu654/nyu_nyu_test_0193,full,89523,0.016757443041546815,0.04206873397491158,0.08787214938341809
NYUv2,nyu654/nyu_nyu_test_0193,sensor_hole,6735,0.06404327411944968,0.13529776871071628,0.2475421011167318
NYUv2,nyu654/nyu_nyu_test_0193,depth_boundary,11825,0.04997928554297583,0.11196132027825643,0.20261260804367975
NYUv2,nyu654/nyu_nyu_test_0194,full,89523,0.028368175540451075,0.05909711962489358,0.12894840791845588
NYUv2,nyu654/nyu_nyu_test_0194,sensor_hole,17494,0.08234391778587798,0.1570684370366835,0.2639169948820152
NYUv2,nyu654/nyu_nyu_test_0194,depth_boundary,8885,0.09931755310184771,0.18236135326212688,0.2941377586158831
NYUv2,nyu654/nyu_nyu_test_0195,full,89523,0.05664017802201609,0.10390444412913546,0.255692942650905
NYUv2,nyu654/nyu_nyu_test_0195,sensor_hole,28628,0.10231755704531308,0.15913105853587967,0.35402070921580614
NYUv2,nyu654/nyu_nyu_test_0195,depth_boundary,12633,0.12662218105123302,0.20089275436560652,0.37234001205419437
NYUv2,nyu654/nyu_nyu_test_0196,full,89523,0.06520137173537725,0.16625743756037464,0.5346983298941486
NYUv2,nyu654/nyu_nyu_test_0196,sensor_hole,10501,0.2393376687099959,0.6003545376814249,1.0017697078248198
NYUv2,nyu654/nyu_nyu_test_0196,depth_boundary,7889,0.16979517268172503,0.3565592671365456,0.6887312520533304
NYUv2,nyu654/nyu_nyu_test_0197,full,89523,0.024714812471800993,0.04950495289915716,0.09511933376045019
NYUv2,nyu654/nyu_nyu_test_0197,sensor_hole,16365,0.05524815194497579,0.08693957070928446,0.16772586269312534
NYUv2,nyu654/nyu_nyu_test_0197,depth_boundary,14444,0.04827502809237497,0.08155137123872751,0.1772120324555448
NYUv2,nyu654/nyu_nyu_test_0198,full,89523,0.015257845177772563,0.028845849776264542,0.056355237875632666
NYUv2,nyu654/nyu_nyu_test_0198,sensor_hole,9229,0.047361632436522826,0.08416151124667161,0.13467093349149722
NYUv2,nyu654/nyu_nyu_test_0198,depth_boundary,8752,0.05181467676268474,0.08148190333513063,0.1377217756783332
NYUv2,nyu654/nyu_nyu_test_0199,full,89523,0.01758398794084,0.032190135447222594,0.060504112249482975
NYUv2,nyu654/nyu_nyu_test_0199,sensor_hole,3213,0.1204914979110107,0.23677396889308736,0.2807280368175739
NYUv2,nyu654/nyu_nyu_test_0199,depth_boundary,1871,0.020382356102005672,0.03425645879218439,0.04743827327628792
NYUv2,nyu654/nyu_nyu_test_0200,full,89523,0.03362343788515893,0.12165870902517606,0.4939075887348154
NYUv2,nyu654/nyu_nyu_test_0200,sensor_hole,9213,0.14330070275966306,0.45966542361678797,0.9578399054836975
NYUv2,nyu654/nyu_nyu_test_0200,depth_boundary,11215,0.14246479599262363,0.5580600754735303,1.1041626631244985
NYUv2,nyu654/nyu_nyu_test_0201,full,89523,0.019776843329000756,0.04563491061059692,0.12119257678787212
NYUv2,nyu654/nyu_nyu_test_0201,sensor_hole,2934,0.13700403113034526,0.2930868993670094,0.4220023816565619
NYUv2,nyu654/nyu_nyu_test_0201,depth_boundary,11604,0.08184756337975013,0.17057389878725357,0.3071215281001139
NYUv2,nyu654/nyu_nyu_test_0202,full,89523,0.022567950861798757,0.04859126648490575,0.1306452985417685
NYUv2,nyu654/nyu_nyu_test_0202,sensor_hole,4385,0.1138561292164871,0.23911391340340557,0.3594832715345069
NYUv2,nyu654/nyu_nyu_test_0202,depth_boundary,14159,0.0726967748258976,0.15421830446793033,0.26974192611774334
NYUv2,nyu654/nyu_nyu_test_0203,full,89523,0.010410982288015616,0.02202927337466153,0.05129762662419932
NYUv2,nyu654/nyu_nyu_test_0203,sensor_hole,1036,0.05814384987815637,0.12643894973178627,0.20297343361894551
NYUv2,nyu654/nyu_nyu_test_0203,depth_boundary,8558,0.034628037062510775,0.07534008445124617,0.1400179761921751
NYUv2,nyu654/nyu_nyu_test_0204,full,89523,0.015590762480694284,0.037388020045646266,0.09808264788129938
NYUv2,nyu654/nyu_nyu_test_0204,sensor_hole,2652,0.07081207540273897,0.1702093197929014,0.26790292641351804
NYUv2,nyu654/nyu_nyu_test_0204,depth_boundary,13712,0.0512302911734985,0.12668600187244605,0.22789103517351114
NYUv2,nyu654/nyu_nyu_test_0205,full,89523,0.012156105889106697,0.03623147346660678,0.08196390709989694
NYUv2,nyu654/nyu_nyu_test_0205,sensor_hole,1184,0.05282402022045652,0.15980381941473162,0.21201164002291895
NYUv2,nyu654/nyu_nyu_test_0205,depth_boundary,8285,0.045596632635761025,0.139458811319083,0.22400259536519665
NYUv2,nyu654/nyu_nyu_test_0206,full,89523,0.013228186517090772,0.03563053218073312,0.09686143850981416
NYUv2,nyu654/nyu_nyu_test_0206,sensor_hole,2967,0.09718852119831603,0.2985433759535046,0.3587656331323854
NYUv2,nyu654/nyu_nyu_test_0206,depth_boundary,6761,0.05100518471025743,0.13838180818954104,0.23579610127415793
NYUv2,nyu654/nyu_nyu_test_0207,full,89523,0.010392244027921932,0.026275064380540458,0.05722367758092176
NYUv2,nyu654/nyu_nyu_test_0207,sensor_hole,289,0.04955748265446531,0.12331574515900397,0.2200912539603325
NYUv2,nyu654/nyu_nyu_test_0207,depth_boundary,3250,0.04600447187042531,0.12126300268906813,0.21090065607465727
NYUv2,nyu654/nyu_nyu_test_0208,full,89523,0.013138925588222833,0.04505968258458469,0.1606291501066547
NYUv2,nyu654/nyu_nyu_test_0208,sensor_hole,4404,0.09178611781358234,0.3342096677809602,0.6035666448929676
NYUv2,nyu654/nyu_nyu_test_0208,depth_boundary,9921,0.046432727386396984,0.15880110088152674,0.3320188024247011
NYUv2,nyu654/nyu_nyu_test_0209,full,89523,0.010976181335549048,0.02920616248451779,0.07803640624804847
NYUv2,nyu654/nyu_nyu_test_0209,sensor_hole,3858,0.0446021237617509,0.11015917925466337,0.20874691185184052
NYUv2,nyu654/nyu_nyu_test_0209,depth_boundary,6937,0.05019574951182897,0.12916213737125956,0.2465109182510273
NYUv2,nyu654/nyu_nyu_test_0210,full,89523,0.0073883410098487924,0.017317561661817738,0.04985914569784911
NYUv2,nyu654/nyu_nyu_test_0210,sensor_hole,1325,0.0925976396248851,0.19911918685121358,0.3393246552095347
NYUv2,nyu654/nyu_nyu_test_0210,depth_boundary,4565,0.04045931367376901,0.09013107405304256,0.17340669813970086
NYUv2,nyu654/nyu_nyu_test_0211,full,89523,0.00663918818622546,0.019759111871652565,0.03480319363953758
NYUv2,nyu654/nyu_nyu_test_0211,sensor_hole,1342,0.016714270587636488,0.04831920206635613,0.08513126474917349
NYUv2,nyu654/nyu_nyu_test_0211,depth_boundary,3969,0.02225512981167735,0.06350219919507946,0.09992103729296085
NYUv2,nyu654/nyu_nyu_test_0212,full,89523,0.016278402669444893,0.038230420671639016,0.09033971355029123
NYUv2,nyu654/nyu_nyu_test_0212,sensor_hole,7361,0.07074922948454117,0.151806306570157,0.2584237322367111
NYUv2,nyu654/nyu_nyu_test_0212,depth_boundary,11141,0.05169187552121908,0.11420601614394059,0.20685805920703212
NYUv2,nyu654/nyu_nyu_test_0213,full,89523,0.006438931714143029,0.017260600944406037,0.04081125333488724
NYUv2,nyu654/nyu_nyu_test_0213,sensor_hole,704,0.062286904419228156,0.16380569846792656,0.30716225270232395
NYUv2,nyu654/nyu_nyu_test_0213,depth_boundary,3967,0.025087261284176585,0.0684553529322523,0.12341018840895643
NYUv2,nyu654/nyu_nyu_test_0214,full,89523,0.011680484205732939,0.031157849344277167,0.0683032553199024
NYUv2,nyu654/nyu_nyu_test_0214,sensor_hole,6946,0.03136731871623574,0.07877602703867198,0.14785291958291813
NYUv2,nyu654/nyu_nyu_test_0214,depth_boundary,7777,0.04039793571028107,0.10552490379872567,0.18892687738854233
NYUv2,nyu654/nyu_nyu_test_0215,full,89523,0.016105556029292017,0.04380875261747428,0.07396387400943231
NYUv2,nyu654/nyu_nyu_test_0215,sensor_hole,10124,0.0394950616734289,0.08933562249922554,0.13409344800410075
NYUv2,nyu654/nyu_nyu_test_0215,depth_boundary,6383,0.03944048883353891,0.10837388126412735,0.1720296431720659
NYUv2,nyu654/nyu_nyu_test_0216,full,89523,0.010987631689125857,0.028559004887751243,0.05733864954822252
NYUv2,nyu654/nyu_nyu_test_0216,sensor_hole,3631,0.0442569720107753,0.11463038834682412,0.1749584211543512
NYUv2,nyu654/nyu_nyu_test_0216,depth_boundary,7284,0.031853520713947155,0.08051995280874358,0.1336495728770468
NYUv2,nyu654/nyu_nyu_test_0217,full,89523,0.010236313561812966,0.01996286507699367,0.042718363591437714
NYUv2,nyu654/nyu_nyu_test_0217,sensor_hole,3087,0.05331796877329664,0.07964723935434646,0.14672127005064245
NYUv2,nyu654/nyu_nyu_test_0217,depth_boundary,5772,0.04712805373613707,0.08395223245179578,0.13925078346918016
NYUv2,nyu654/nyu_nyu_test_0218,full,89523,0.0327924382881845,0.11541694215138114,0.46195346607142573
NYUv2,nyu654/nyu_nyu_test_0218,sensor_hole,9351,0.1827518662473905,0.6059021488024887,1.0043829104416604
NYUv2,nyu654/nyu_nyu_test_0218,depth_boundary,10252,0.10847320974008526,0.5209883277275764,1.1954558562115165
NYUv2,nyu654/nyu_nyu_test_0219,full,89523,0.01702451179425175,0.0473809699734807,0.11970177603418271
NYUv2,nyu654/nyu_nyu_test_0219,sensor_hole,6053,0.04693551067229955,0.13460865039264547,0.26748659584429035
NYUv2,nyu654/nyu_nyu_test_0219,depth_boundary,14831,0.053575189868667585,0.1433395910436679,0.2646445183583023
NYUv2,nyu654/nyu_nyu_test_0220,full,89523,0.015225425854231108,0.03697913605279751,0.0954011114268727
NYUv2,nyu654/nyu_nyu_test_0220,sensor_hole,4721,0.07788678279114443,0.18393325535479907,0.2986114820329367
NYUv2,nyu654/nyu_nyu_test_0220,depth_boundary,15780,0.04468493183600378,0.10746422465914254,0.2010337452547178
NYUv2,nyu654/nyu_nyu_test_0221,full,89523,0.01598933324413002,0.0410267301356959,0.08167595760437192
NYUv2,nyu654/nyu_nyu_test_0221,sensor_hole,9886,0.038931159753484566,0.09728913633490101,0.15782543827995982
NYUv2,nyu654/nyu_nyu_test_0221,depth_boundary,10143,0.04165260315131702,0.0963359810268692,0.1602875812368226
NYUv2,nyu654/nyu_nyu_test_0222,full,89523,0.01722183445916687,0.03892278027034068,0.08390370530186689
NYUv2,nyu654/nyu_nyu_test_0222,sensor_hole,10692,0.0478891127730168,0.10499760030228415,0.18010572685929407
NYUv2,nyu654/nyu_nyu_test_0222,depth_boundary,10681,0.05376958281029119,0.11781523439971464,0.20013668538400384
NYUv2,nyu654/nyu_nyu_test_0223,full,89523,0.017849781340475712,0.03101259052461161,0.07217026077968579
NYUv2,nyu654/nyu_nyu_test_0223,sensor_hole,11235,0.054272961357886076,0.09191557016699485,0.14512336958489544
NYUv2,nyu654/nyu_nyu_test_0223,depth_boundary,14506,0.04856815429448285,0.08376169566300824,0.1388925117367008
NYUv2,nyu654/nyu_nyu_test_0224,full,89523,0.0063373576559119064,0.012274055485591018,0.029623967168902376
NYUv2,nyu654/nyu_nyu_test_0224,sensor_hole,1230,0.03166171033972097,0.06101207025652009,0.09956935549911955
NYUv2,nyu654/nyu_nyu_test_0224,depth_boundary,5948,0.03214885081904401,0.062311444353880946,0.09970113980202247
NYUv2,nyu654/nyu_nyu_test_0225,full,89523,0.011840587743059594,0.02753743355645159,0.060022412077473664
NYUv2,nyu654/nyu_nyu_test_0225,sensor_hole,3092,0.04969218124791974,0.09367036503314355,0.19155634579639486
NYUv2,nyu654/nyu_nyu_test_0225,depth_boundary,12287,0.030483511002193573,0.06841358843448932,0.13618346529303413
NYUv2,nyu654/nyu_nyu_test_0226,full,89523,0.010214181849413046,0.018306635441945263,0.03815933075694032
NYUv2,nyu654/nyu_nyu_test_0226,sensor_hole,5146,0.04431991518210435,0.07688622957901227,0.10947010086701998
NYUv2,nyu654/nyu_nyu_test_0226,depth_boundary,8853,0.033200635236781864,0.0584026522034779,0.08885777809379143
NYUv2,nyu654/nyu_nyu_test_0227,full,89523,0.011933013890124723,0.016946428903882444,0.035978971877018456
NYUv2,nyu654/nyu_nyu_test_0227,sensor_hole,11020,0.027972231204415193,0.03760929189338442,0.05827454081151708
NYUv2,nyu654/nyu_nyu_test_0227,depth_boundary,11162,0.03583043875184351,0.05056129350305095,0.079689001123548
NYUv2,nyu654/nyu_nyu_test_0228,full,89523,0.024802683730023912,0.06533241495815485,0.16263514997561473
NYUv2,nyu654/nyu_nyu_test_0228,sensor_hole,13355,0.09310506145038877,0.2550965940581864,0.3908067952395127
NYUv2,nyu654/nyu_nyu_test_0228,depth_boundary,10608,0.07889469785380218,0.19899111747921502,0.34635545225768133
NYUv2,nyu654/nyu_nyu_test_0229,full,89523,0.01858970702532643,0.035036705821736236,0.12448200243012905
NYUv2,nyu654/nyu_nyu_test_0229,sensor_hole,9028,0.07387226081384562,0.1296974311809282,0.3017468300294044
NYUv2,nyu654/nyu_nyu_test_0229,depth_boundary,8018,0.10458260352104098,0.19144566203626678,0.3776782086425887
NYUv2,nyu654/nyu_nyu_test_0230,full,89523,0.012862871814500828,0.04411588251599384,0.14819408772070328
NYUv2,nyu654/nyu_nyu_test_0230,sensor_hole,8591,0.05618795476848187,0.22908016890478194,0.40932227362394225
NYUv2,nyu654/nyu_nyu_test_0230,depth_boundary,10591,0.0465778667833157,0.17396747993911904,0.363309199756062
NYUv2,nyu654/nyu_nyu_test_0231,full,89523,0.01488406060073029,0.039079391389598185,0.08165255463474419
NYUv2,nyu654/nyu_nyu_test_0231,sensor_hole,3441,0.06685774486238277,0.16499688754557038,0.2558989897856714
NYUv2,nyu654/nyu_nyu_test_0231,depth_boundary,10177,0.045693197504011095,0.11048684154030522,0.1963295162612935
NYUv2,nyu654/nyu_nyu_test_0232,full,89523,0.01483076153707799,0.03511690982122632,0.08147593995143487
NYUv2,nyu654/nyu_nyu_test_0232,sensor_hole,4850,0.062080302933798404,0.12527798285189362,0.21487285756809038
NYUv2,nyu654/nyu_nyu_test_0232,depth_boundary,9526,0.05855425627059793,0.12894535626580228,0.22053231234175308
NYUv2,nyu654/nyu_nyu_test_0233,full,89523,0.01380348024352374,0.032682338568730256,0.08065101596607883
NYUv2,nyu654/nyu_nyu_test_0233,sensor_hole,4824,0.06343325650527706,0.14745646141852511,0.2541808337862593
NYUv2,nyu654/nyu_nyu_test_0233,depth_boundary,9889,0.053351015666679984,0.12191796637917086,0.21252776150557687
NYUv2,nyu654/nyu_nyu_test_0234,full,89523,0.013597005074113478,0.03676039296407335,0.07569371447277061
NYUv2,nyu654/nyu_nyu_test_0234,sensor_hole,4935,0.037332010469503914,0.09329270029019682,0.1662483541369775
NYUv2,nyu654/nyu_nyu_test_0234,depth_boundary,13901,0.035882750804936664,0.08874977134936199,0.16577744725681887
NYUv2,nyu654/nyu_nyu_test_0235,full,89523,0.013644873064871648,0.03240141536435715,0.07154580247074253
NYUv2,nyu654/nyu_nyu_test_0235,sensor_hole,5984,0.045483247172450114,0.10334461051871113,0.17355618101008996
NYUv2,nyu654/nyu_nyu_test_0235,depth_boundary,8269,0.04595119805612396,0.10166051426999499,0.18220452088697126
NYUv2,nyu654/nyu_nyu_test_0236,full,89523,0.014640406452536961,0.02995843128274207,0.07702377290840337
NYUv2,nyu654/nyu_nyu_test_0236,sensor_hole,4488,0.05814311015598648,0.12262576149109213,0.18852076006502755
NYUv2,nyu654/nyu_nyu_test_0236,depth_boundary,8075,0.06246400293962597,0.1111228364318517,0.21340280059865482
NYUv2,nyu654/nyu_nyu_test_0237,full,89523,0.013311194522218461,0.026845042420013107,0.052326976457574705
NYUv2,nyu654/nyu_nyu_test_0237,sensor_hole,7217,0.04708824004403252,0.08862149069575832,0.14052124490992982
NYUv2,nyu654/nyu_nyu_test_0237,depth_boundary,7283,0.03611542119611679,0.06810862352997658,0.11313776140677728
NYUv2,nyu654/nyu_nyu_test_0238,full,89523,0.04799310057186875,0.12874885805809827,0.2676575303418646
NYUv2,nyu654/nyu_nyu_test_0238,sensor_hole,17351,0.15915931341475711,0.3846458042329563,0.5294927420762665
NYUv2,nyu654/nyu_nyu_test_0238,depth_boundary,15626,0.14984090343950193,0.3038364837710689,0.49889713014236464
NYUv2,nyu654/nyu_nyu_test_0239,full,89523,0.013606834974624808,0.04455755654109789,0.07626119788889715
NYUv2,nyu654/nyu_nyu_test_0239,sensor_hole,14767,0.02386352073764822,0.08244912379918332,0.10893137894661571
NYUv2,nyu654/nyu_nyu_test_0239,depth_boundary,7877,0.03753150954016549,0.1150080543250258,0.1802422812196049
NYUv2,nyu654/nyu_nyu_test_0240,full,89523,0.019262234748846058,0.059454737320748234,0.12060757015075382
NYUv2,nyu654/nyu_nyu_test_0240,sensor_hole,12711,0.045742923612711935,0.1434421941922863,0.21437595835848905
NYUv2,nyu654/nyu_nyu_test_0240,depth_boundary,14130,0.05404002606367512,0.14505040942568012,0.24938369229422613
NYUv2,nyu654/nyu_nyu_test_0241,full,89523,0.014270969535201454,0.05184971021332615,0.11157544531300187
NYUv2,nyu654/nyu_nyu_test_0241,sensor_hole,13076,0.039519706181193444,0.16704566738918383,0.2533532205115952
NYUv2,nyu654/nyu_nyu_test_0241,depth_boundary,10247,0.035888317557458776,0.1201269342641755,0.20276829375401415
NYUv2,nyu654/nyu_nyu_test_0242,full,89523,0.021758371109139696,0.07916467346358955,0.15832881035720636
NYUv2,nyu654/nyu_nyu_test_0242,sensor_hole,18128,0.054814225326695006,0.2107288074356628,0.3053742956390256
NYUv2,nyu654/nyu_nyu_test_0242,depth_boundary,14395,0.04274912228668733,0.1538385244739184,0.25947556112059467
NYUv2,nyu654/nyu_nyu_test_0243,full,89523,0.008331012900580506,0.02249753199546939,0.054751765017867174
NYUv2,nyu654/nyu_nyu_test_0243,sensor_hole,2900,0.052303804126810564,0.1565202628332993,0.21415202554622045
NYUv2,nyu654/nyu_nyu_test_0243,depth_boundary,6540,0.03019146994785446,0.0786974234865346,0.1436494730798562
NYUv2,nyu654/nyu_nyu_test_0244,full,89523,0.030308815873645385,0.08169964111976627,0.19982804412860028
NYUv2,nyu654/nyu_nyu_test_0244,sensor_hole,9271,0.15932842197231772,0.4270542016140968,0.5474730783876773
NYUv2,nyu654/nyu_nyu_test_0244,depth_boundary,9222,0.09988970146394756,0.25503303426332213,0.3870087743645538
NYUv2,nyu654/nyu_nyu_test_0245,full,89523,0.02766743173193368,0.07537365207195618,0.21006156278576377
NYUv2,nyu654/nyu_nyu_test_0245,sensor_hole,7420,0.17876760766459565,0.48801441696294234,0.6772623560527418
NYUv2,nyu654/nyu_nyu_test_0245,depth_boundary,11176,0.08893796195513017,0.23304872089462272,0.44234662261584906
NYUv2,nyu654/nyu_nyu_test_0246,full,89523,0.009322463505019677,0.027242059555732084,0.0790372705288907
NYUv2,nyu654/nyu_nyu_test_0246,sensor_hole,2022,0.041606587227214754,0.14757117997527006,0.28657443289097806
NYUv2,nyu654/nyu_nyu_test_0246,depth_boundary,7935,0.03827338385092394,0.11410982544195299,0.2403954776467248
NYUv2,nyu654/nyu_nyu_test_0247,full,89523,0.016510190483707526,0.06585649845580767,0.16148103657816634
NYUv2,nyu654/nyu_nyu_test_0247,sensor_hole,8303,0.06623122468529685,0.29351916465933864,0.4239927825190116
NYUv2,nyu654/nyu_nyu_test_0247,depth_boundary,16049,0.04175040902921483,0.16420585080852196,0.2814761105937683
NYUv2,nyu654/nyu_nyu_test_0248,full,89523,0.023613157812508674,0.08960502303312573,0.2534595068112373
NYUv2,nyu654/nyu_nyu_test_0248,sensor_hole,8517,0.10580967330393751,0.5114564587284145,0.7194042613085888
NYUv2,nyu654/nyu_nyu_test_0248,depth_boundary,16858,0.056569830625731246,0.19122107642191077,0.37630486657063966
NYUv2,nyu654/nyu_nyu_test_0249,full,89523,0.03824829731304903,0.1474889318128321,0.40965920394913286
NYUv2,nyu654/nyu_nyu_test_0249,sensor_hole,14294,0.1356281263176088,0.5710087202513353,0.8745861193181242
NYUv2,nyu654/nyu_nyu_test_0249,depth_boundary,15470,0.08032106173347228,0.29280253198351797,0.5441189220822351
NYUv2,nyu654/nyu_nyu_test_0250,full,89523,0.01577396196750303,0.04822652236176628,0.15926515551884005
NYUv2,nyu654/nyu_nyu_test_0250,sensor_hole,5006,0.10378436179551424,0.3558192232871503,0.5828827626789402
NYUv2,nyu654/nyu_nyu_test_0250,depth_boundary,11664,0.05258989637002863,0.1605196586402519,0.3214641075363224
NYUv2,nyu654/nyu_nyu_test_0251,full,89523,0.014485197433975892,0.03601482741100856,0.10042938632791917
NYUv2,nyu654/nyu_nyu_test_0251,sensor_hole,1554,0.10498004363333362,0.23607784808832707,0.39665350187320636
NYUv2,nyu654/nyu_nyu_test_0251,depth_boundary,13171,0.04776335490071855,0.11506419063800108,0.23463414231564364
NYUv2,nyu654/nyu_nyu_test_0252,full,89523,0.020793313960745286,0.06269667018305838,0.11173990339479292
NYUv2,nyu654/nyu_nyu_test_0252,sensor_hole,15612,0.05132720680116154,0.1412583097048121,0.21918658646183548
NYUv2,nyu654/nyu_nyu_test_0252,depth_boundary,8426,0.05431059393741806,0.1507772128881368,0.23952322595660178
NYUv2,nyu654/nyu_nyu_test_0253,full,89523,0.01997699574891646,0.05324513156941108,0.09446267678358747
NYUv2,nyu654/nyu_nyu_test_0253,sensor_hole,21050,0.03707662159605597,0.08916362422095908,0.14369526469677896
NYUv2,nyu654/nyu_nyu_test_0253,depth_boundary,13085,0.04978609029055349,0.12248492948782093,0.1928751099798673
NYUv2,nyu654/nyu_nyu_test_0254,full,89523,0.043592117713231515,0.10133879907891036,0.20071132973581934
NYUv2,nyu654/nyu_nyu_test_0254,sensor_hole,28363,0.0650571396529823,0.14685235070824157,0.24770492070762956
NYUv2,nyu654/nyu_nyu_test_0254,depth_boundary,14022,0.08772511542539313,0.1900933523811299,0.3161671786093802
NYUv2,nyu654/nyu_nyu_test_0255,full,89523,0.019108190007665986,0.04958309894613562,0.1293113988351458
NYUv2,nyu654/nyu_nyu_test_0255,sensor_hole,9540,0.07827246111228012,0.17291160648848775,0.2660257986982592
NYUv2,nyu654/nyu_nyu_test_0255,depth_boundary,7607,0.08541925321516193,0.19582709053804798,0.35823750841956237
NYUv2,nyu654/nyu_nyu_test_0256,full,89523,0.011895427120035117,0.026522056239860082,0.12101328707736238
NYUv2,nyu654/nyu_nyu_test_0256,sensor_hole,865,0.11326397723712124,0.25687099826129184,0.46582302202814074
NYUv2,nyu654/nyu_nyu_test_0256,depth_boundary,6708,0.05829400466036715,0.13347524258801818,0.2965478943671437
NYUv2,nyu654/nyu_nyu_test_0257,full,89523,0.02862592905245069,0.07475072824380932,0.13731454676456498
NYUv2,nyu654/nyu_nyu_test_0257,sensor_hole,21779,0.07721325012095011,0.20232478750108376,0.2648083183049866
NYUv2,nyu654/nyu_nyu_test_0257,depth_boundary,5606,0.07348368493729436,0.14281924865818263,0.2464208898556765
NYUv2,nyu654/nyu_nyu_test_0258,full,89523,0.021193527670486472,0.03846013050499707,0.08802274847086114
NYUv2,nyu654/nyu_nyu_test_0258,sensor_hole,18339,0.05623344360492532,0.09646000503759178,0.1666868036161307
NYUv2,nyu654/nyu_nyu_test_0258,depth_boundary,12276,0.061417641172920354,0.10924527439922725,0.18889641544826166
NYUv2,nyu654/nyu_nyu_test_0259,full,89523,0.015573585750427,0.07170968816977141,0.3228808422063475
NYUv2,nyu654/nyu_nyu_test_0259,sensor_hole,3071,0.09562614319138066,0.45204258578408235,1.0097884689176935
NYUv2,nyu654/nyu_nyu_test_0259,depth_boundary,14956,0.05762039859801418,0.2870554859608244,0.7637422326837104
NYUv2,nyu654/nyu_nyu_test_0260,full,89523,0.012150323945244075,0.03983888639095099,0.11360876688200779
NYUv2,nyu654/nyu_nyu_test_0260,sensor_hole,4389,0.06536581230815385,0.2260056969027064,0.4282934576274124
NYUv2,nyu654/nyu_nyu_test_0260,depth_boundary,11367,0.03398145891216837,0.11069102716013846,0.19429906853180726
NYUv2,nyu654/nyu_nyu_test_0261,full,89523,0.02652099624025018,0.11278016473511852,0.5966954581162159
NYUv2,nyu654/nyu_nyu_test_0261,sensor_hole,5079,0.253837079485005,1.2312409161441695,2.3969510585539564
NYUv2,nyu654/nyu_nyu_test_0261,depth_boundary,12633,0.11170978160566072,0.48456486103927815,1.334317699553332
NYUv2,nyu654/nyu_nyu_test_0262,full,89523,0.012937462123897531,0.03466102945185799,0.13732416392454422
NYUv2,nyu654/nyu_nyu_test_0262,sensor_hole,2897,0.16960984651132158,0.4024755125585654,0.6618367839004884
NYUv2,nyu654/nyu_nyu_test_0262,depth_boundary,7437,0.08773026990821005,0.231967475924967,0.4488802887436309
NYUv2,nyu654/nyu_nyu_test_0263,full,89523,0.013830342926876238,0.028755630313562482,0.06473709228648213
NYUv2,nyu654/nyu_nyu_test_0263,sensor_hole,5290,0.062240915674599384,0.1198085830545155,0.16696796780617795
NYUv2,nyu654/nyu_nyu_test_0263,depth_boundary,8229,0.055410287473143235,0.10770623339730546,0.17127188255290018
NYUv2,nyu654/nyu_nyu_test_0264,full,89523,0.01141900433274279,0.027359463279222757,0.06764753189064936
NYUv2,nyu654/nyu_nyu_test_0264,sensor_hole,4217,0.050788614688259195,0.12872813037427253,0.17447603491841623
NYUv2,nyu654/nyu_nyu_test_0264,depth_boundary,10887,0.035321864191470424,0.08511696534565442,0.1483263221254844
NYUv2,nyu654/nyu_nyu_test_0265,full,89523,0.012351152522073475,0.02343423156046486,0.056798478306053064
NYUv2,nyu654/nyu_nyu_test_0265,sensor_hole,2437,0.03760653359062675,0.07692989987039546,0.12417339013652079
NYUv2,nyu654/nyu_nyu_test_0265,depth_boundary,9887,0.04094437954901616,0.07792061853664425,0.12481807192536949
NYUv2,nyu654/nyu_nyu_test_0266,full,89523,0.009791458744763388,0.023775250217972985,0.05203285555107245
NYUv2,nyu654/nyu_nyu_test_0266,sensor_hole,1432,0.05171319705471492,0.12340620493089687,0.20181415878628292
NYUv2,nyu654/nyu_nyu_test_0266,depth_boundary,8234,0.03351336344327808,0.07846667994160313,0.1387928128882365
NYUv2,nyu654/nyu_nyu_test_0267,full,89523,0.08755091353503376,0.26334945394775433,0.6059722852724106
NYUv2,nyu654/nyu_nyu_test_0267,sensor_hole,40765,0.17769029267610054,0.5536364355526511,0.8954736116581367
NYUv2,nyu654/nyu_nyu_test_0267,depth_boundary,11320,0.19961129753278964,0.498957960897326,0.8495334212596387
NYUv2,nyu654/nyu_nyu_test_0268,full,89523,0.012893180342449035,0.022744307499575955,0.04672821911488716
NYUv2,nyu654/nyu_nyu_test_0268,sensor_hole,6057,0.05134904162557967,0.09522165481812375,0.13425062531783466
NYUv2,nyu654/nyu_nyu_test_0268,depth_boundary,4663,0.04020188906293801,0.06901212075276614,0.11750830883768458
NYUv2,nyu654/nyu_nyu_test_0269,full,89523,0.010515457132210367,0.024127336292128997,0.07338211128249567
NYUv2,nyu654/nyu_nyu_test_0269,sensor_hole,4107,0.035393656016672236,0.09353281884463942,0.17633564161885557
NYUv2,nyu654/nyu_nyu_test_0269,depth_boundary,9006,0.03567514048769164,0.08475615763542468,0.19391498771763974
NYUv2,nyu654/nyu_nyu_test_0270,full,89523,0.011546133670652364,0.02480250309972628,0.06206977306408504
NYUv2,nyu654/nyu_nyu_test_0270,sensor_hole,5913,0.023695191915940828,0.052929261322253736,0.10240028615850272
NYUv2,nyu654/nyu_nyu_test_0270,depth_boundary,10442,0.031765658353229934,0.06901922324246726,0.15922855598095204
NYUv2,nyu654/nyu_nyu_test_0271,full,89523,0.031221335144260405,0.03683295818654216,0.06246186187621852
NYUv2,nyu654/nyu_nyu_test_0271,sensor_hole,19655,0.07015026621789434,0.06554435630149133,0.09279049370677196
NYUv2,nyu654/nyu_nyu_test_0271,depth_boundary,11389,0.07026306557527065,0.07470606008000114,0.11761450514923016
NYUv2,nyu654/nyu_nyu_test_0272,full,89523,0.034233020233124,0.08375066708204405,0.32882864832018216
NYUv2,nyu654/nyu_nyu_test_0272,sensor_hole,9215,0.20836448965252255,0.5115294839335859,0.8132574308891872
NYUv2,nyu654/nyu_nyu_test_0272,depth_boundary,7365,0.15838480778581185,0.37479709074437334,0.6823886412089475
NYUv2,nyu654/nyu_nyu_test_0273,full,89523,0.027185380223827046,0.053811076308655524,0.1894551638494434
NYUv2,nyu654/nyu_nyu_test_0273,sensor_hole,6279,0.1560626500517923,0.2996597234222004,0.4399397177768442
NYUv2,nyu654/nyu_nyu_test_0273,depth_boundary,5225,0.12420594629439823,0.2385584766214544,0.3930667228252381
NYUv2,nyu654/nyu_nyu_test_0274,full,89523,0.03690621999157814,0.1742499299100138,0.5337192150369259
NYUv2,nyu654/nyu_nyu_test_0274,sensor_hole,13308,0.16382386911295715,0.8617143036278655,1.2752247184511865
NYUv2,nyu654/nyu_nyu_test_0274,depth_boundary,13148,0.115466666383976,0.5572449734028183,1.014334658683248
NYUv2,nyu654/nyu_nyu_test_0275,full,89523,0.009630252498761932,0.02663969814623574,0.08631561583361065
NYUv2,nyu654/nyu_nyu_test_0275,sensor_hole,2979,0.06328864241424707,0.17037729882441657,0.26526467269076737
NYUv2,nyu654/nyu_nyu_test_0275,depth_boundary,7850,0.04963222835580857,0.13794466164461366,0.2555459535877732
NYUv2,nyu654/nyu_nyu_test_0276,full,89523,0.04122504612779403,0.17921531264925206,0.5380754220227101
NYUv2,nyu654/nyu_nyu_test_0276,sensor_hole,19177,0.12668128505845958,0.6011641707001124,1.0673010376368397
NYUv2,nyu654/nyu_nyu_test_0276,depth_boundary,15773,0.10387636762497046,0.39201259336421374,0.7878968388297167
NYUv2,nyu654/nyu_nyu_test_0277,full,89523,0.037330578969136156,0.12421664328051174,0.35543413441675337
NYUv2,nyu654/nyu_nyu_test_0277,sensor_hole,10045,0.143895446958544,0.4348415382113725,0.6878823320132927
NYUv2,nyu654/nyu_nyu_test_0277,depth_boundary,7655,0.1441123015604292,0.46497929415463,0.7820233954918744
NYUv2,nyu654/nyu_nyu_test_0278,full,89523,0.014226462161935011,0.05159774316816248,0.20869747033179042
NYUv2,nyu654/nyu_nyu_test_0278,sensor_hole,3761,0.05901786344426939,0.22766126970825154,0.4432289259832885
NYUv2,nyu654/nyu_nyu_test_0278,depth_boundary,4898,0.08462985059550376,0.3207872419904426,0.6524956318187172
NYUv2,nyu654/nyu_nyu_test_0279,full,89523,0.009984995173089546,0.027287608028016132,0.07069832703375142
NYUv2,nyu654/nyu_nyu_test_0279,sensor_hole,1710,0.03671456269758045,0.09253185708620394,0.16932061216878544
NYUv2,nyu654/nyu_nyu_test_0279,depth_boundary,5889,0.05723746881976452,0.1535602465492089,0.2479304344570619
NYUv2,nyu654/nyu_nyu_test_0280,full,89523,0.0461775855311116,0.08887860728334451,0.22069926269800688
NYUv2,nyu654/nyu_nyu_test_0280,sensor_hole,12469,0.22939643326721468,0.44478912236495677,0.5644045426113947
NYUv2,nyu654/nyu_nyu_test_0280,depth_boundary,6026,0.13254857784632093,0.2234797752896615,0.3437981160562363
NYUv2,nyu654/nyu_nyu_test_0281,full,89523,0.021067028097737202,0.027708315688712615,0.06106793477847016
NYUv2,nyu654/nyu_nyu_test_0281,sensor_hole,14994,0.060517826364281005,0.0625133487014941,0.13156750852947144
NYUv2,nyu654/nyu_nyu_test_0281,depth_boundary,7711,0.07798809098104241,0.09415877096508592,0.15964657374441774
NYUv2,nyu654/nyu_nyu_test_0282,full,89523,0.026287446206044545,0.05757127835047146,0.092784406488526
NYUv2,nyu654/nyu_nyu_test_0282,sensor_hole,26453,0.028566063401763993,0.052036162590442456,0.10354180127691033
NYUv2,nyu654/nyu_nyu_test_0282,depth_boundary,10952,0.04706098819745729,0.09655079637416702,0.16383393511749483
NYUv2,nyu654/nyu_nyu_test_0283,full,89523,0.020820746322409003,0.04561868636118067,0.1904657184684132
NYUv2,nyu654/nyu_nyu_test_0283,sensor_hole,16527,0.04327522439002215,0.0893998130837694,0.27633923360201634
NYUv2,nyu654/nyu_nyu_test_0283,depth_boundary,7229,0.0935501187190729,0.22971354124209317,0.5245271566684094
NYUv2,nyu654/nyu_nyu_test_0284,full,89523,0.012408477639859649,0.0270857865822938,0.06082170467443634
NYUv2,nyu654/nyu_nyu_test_0284,sensor_hole,5363,0.04841385102601317,0.0935326412656337,0.16150032373716433
NYUv2,nyu654/nyu_nyu_test_0284,depth_boundary,7479,0.04593084809627345,0.09302580792535067,0.1580543197916947
NYUv2,nyu654/nyu_nyu_test_0285,full,89523,0.01399631928906989,0.034018716887183054,0.0936963546738587
NYUv2,nyu654/nyu_nyu_test_0285,sensor_hole,2272,0.1037639995264446,0.25086098647033667,0.3243160024277178
NYUv2,nyu654/nyu_nyu_test_0285,depth_boundary,6266,0.055328426766538236,0.13018588630908828,0.23020745812440252
NYUv2,nyu654/nyu_nyu_test_0286,full,89523,0.014532929692314496,0.04483021197809008,0.10231830723140233
NYUv2,nyu654/nyu_nyu_test_0286,sensor_hole,5137,0.05063266266259555,0.14842304553135327,0.24441785462193993
NYUv2,nyu654/nyu_nyu_test_0286,depth_boundary,8040,0.05206826071378082,0.15791749663613922,0.2684258274205746
NYUv2,nyu654/nyu_nyu_test_0287,full,89523,0.07023265486618374,0.18175885261290928,0.5324732555103032
NYUv2,nyu654/nyu_nyu_test_0287,sensor_hole,32819,0.14189400173030853,0.3461384031914928,0.7075770161014745
NYUv2,nyu654/nyu_nyu_test_0287,depth_boundary,15303,0.1936398513195038,0.504354144376625,0.9611970587772015
NYUv2,nyu654/nyu_nyu_test_0288,full,89523,0.06411533503710372,0.08205311820532696,0.17553669864163687
NYUv2,nyu654/nyu_nyu_test_0288,sensor_hole,20268,0.22755813601938907,0.25910535006862384,0.34598189967865645
NYUv2,nyu654/nyu_nyu_test_0288,depth_boundary,10081,0.1356981800173845,0.20998044937402646,0.3923906760494665
NYUv2,nyu654/nyu_nyu_test_0289,full,89523,0.009229488149615883,0.01596915762707009,0.04569150931579914
NYUv2,nyu654/nyu_nyu_test_0289,sensor_hole,2227,0.1097810443784135,0.1620236659563867,0.24290309780058955
NYUv2,nyu654/nyu_nyu_test_0289,depth_boundary,4016,0.05728239259259739,0.09285676883036396,0.1602221306455851
NYUv2,nyu654/nyu_nyu_test_0290,full,89523,0.022797218094102702,0.03773991429608545,0.07149020979988693
NYUv2,nyu654/nyu_nyu_test_0290,sensor_hole,11091,0.06444647946583383,0.07230945236892913,0.1535934248997135
NYUv2,nyu654/nyu_nyu_test_0290,depth_boundary,13275,0.05188229557531575,0.07507544733485709,0.15487192546554684
NYUv2,nyu654/nyu_nyu_test_0291,full,89523,0.0322880041871159,0.0812420860425094,0.18139825077352442
NYUv2,nyu654/nyu_nyu_test_0291,sensor_hole,18071,0.09356587742501633,0.22819321969649053,0.37990178950131503
NYUv2,nyu654/nyu_nyu_test_0291,depth_boundary,15224,0.0743376947084698,0.1752706305742953,0.3375777649107117
NYUv2,nyu654/nyu_nyu_test_0292,full,89523,0.012925654176132511,0.01890250617174686,0.03650827538766184
NYUv2,nyu654/nyu_nyu_test_0292,sensor_hole,3880,0.05519632401979131,0.05616245868894243,0.10047401919859296
NYUv2,nyu654/nyu_nyu_test_0292,depth_boundary,6073,0.04028420897998117,0.0575311611752013,0.0960156912434981
NYUv2,nyu654/nyu_nyu_test_0293,full,89523,0.05260684315197014,0.17519160749517496,0.5484187447752866
NYUv2,nyu654/nyu_nyu_test_0293,sensor_hole,10731,0.13414421297634999,0.4986219147680057,1.0749530313735391
NYUv2,nyu654/nyu_nyu_test_0293,depth_boundary,13349,0.08105863589690314,0.24959282789688286,0.6453392178316766
NYUv2,nyu654/nyu_nyu_test_0294,full,89523,0.008629022274239695,0.0200484216598726,0.03752804042465806
NYUv2,nyu654/nyu_nyu_test_0294,sensor_hole,2855,0.023681114663657757,0.053807325956074036,0.08761487324796281
NYUv2,nyu654/nyu_nyu_test_0294,depth_boundary,4947,0.030138957435111025,0.06775528538316242,0.12258980121199425
NYUv2,nyu654/nyu_nyu_test_0295,full,89523,0.019439733345023247,0.03940227770202674,0.10789081013704756
NYUv2,nyu654/nyu_nyu_test_0295,sensor_hole,6243,0.09541259165403258,0.1796974161773772,0.3007695160311789
NYUv2,nyu654/nyu_nyu_test_0295,depth_boundary,11069,0.07837085226431749,0.1380575291670395,0.2580635801364328
NYUv2,nyu654/nyu_nyu_test_0296,full,89523,0.027991201634053598,0.06579721178835961,0.19760548642863535
NYUv2,nyu654/nyu_nyu_test_0296,sensor_hole,10413,0.13054863315284349,0.2914062801440488,0.5431421512485338
NYUv2,nyu654/nyu_nyu_test_0296,depth_boundary,12904,0.07888850520652597,0.17076135680347368,0.33561812595943913
NYUv2,nyu654/nyu_nyu_test_0297,full,89523,0.021227055977125275,0.02685476324893636,0.08525991298288557
NYUv2,nyu654/nyu_nyu_test_0297,sensor_hole,5748,0.1883262006154077,0.1990515950266155,0.28349414481246143
NYUv2,nyu654/nyu_nyu_test_0297,depth_boundary,7500,0.12150485921450833,0.151797016954422,0.2617447137241383
NYUv2,nyu654/nyu_nyu_test_0298,full,89523,0.017324928552452934,0.030619681450761455,0.07493107521240126
NYUv2,nyu654/nyu_nyu_test_0298,sensor_hole,15287,0.036391123885088014,0.05434588509637799,0.13567350213547427
NYUv2,nyu654/nyu_nyu_test_0298,depth_boundary,11186,0.046706839396802556,0.08162835014968359,0.16990585662547428
NYUv2,nyu654/nyu_nyu_test_0299,full,89523,0.02819625327967446,0.07652697424298284,0.17696690018208922
NYUv2,nyu654/nyu_nyu_test_0299,sensor_hole,15790,0.09043749613592166,0.26297906006039357,0.35850939416372724
NYUv2,nyu654/nyu_nyu_test_0299,depth_boundary,14623,0.056980307126839436,0.15174234874563342,0.24165137659912456
NYUv2,nyu654/nyu_nyu_test_0300,full,89523,0.02854834142474643,0.05099108886999985,0.1422616213909214
NYUv2,nyu654/nyu_nyu_test_0300,sensor_hole,29365,0.052051922497929386,0.09255568318039803,0.21811516744469342
NYUv2,nyu654/nyu_nyu_test_0300,depth_boundary,10102,0.11108339290952578,0.20535084438829038,0.3760067435309276
NYUv2,nyu654/nyu_nyu_test_0301,full,89523,0.012685282184005086,0.025561458386190603,0.08980184702339741
NYUv2,nyu654/nyu_nyu_test_0301,sensor_hole,3217,0.10142563947723655,0.2005606432638444,0.3345883615199395
NYUv2,nyu654/nyu_nyu_test_0301,depth_boundary,6089,0.09567642504132436,0.1949195678959654,0.3243226070895564
NYUv2,nyu654/nyu_nyu_test_0302,full,89523,0.0184089108317651,0.05551958002479048,0.0971296497773171
NYUv2,nyu654/nyu_nyu_test_0302,sensor_hole,14979,0.04367051204163291,0.1396226044832542,0.19583500078937868
NYUv2,nyu654/nyu_nyu_test_0302,depth_boundary,9557,0.030080669361963623,0.08639344396208998,0.16031831694598772
NYUv2,nyu654/nyu_nyu_test_0303,full,89523,0.04543676918447156,0.11217125583898511,0.26102331389063727
NYUv2,nyu654/nyu_nyu_test_0303,sensor_hole,14058,0.16280131969413697,0.4234855074447662,0.5393155412031747
NYUv2,nyu654/nyu_nyu_test_0303,depth_boundary,3430,0.15122831074287227,0.22870244309088927,0.3895025820778643
NYUv2,nyu654/nyu_nyu_test_0304,full,89523,0.021426118711701785,0.0455609962816723,0.15047185936239305
NYUv2,nyu654/nyu_nyu_test_0304,sensor_hole,12013,0.05794927188540341,0.12140063278722513,0.28109968041742284
NYUv2,nyu654/nyu_nyu_test_0304,depth_boundary,7857,0.07880174353097792,0.16413049708800082,0.34340662493270196
NYUv2,nyu654/nyu_nyu_test_0305,full,89523,0.013963852761304067,0.024634585560001313,0.06231943859508232
NYUv2,nyu654/nyu_nyu_test_0305,sensor_hole,9680,0.01436534131375776,0.020942961221391505,0.06576246468109609
NYUv2,nyu654/nyu_nyu_test_0305,depth_boundary,7832,0.0583817539413153,0.10676371204962648,0.1811997545704865
NYUv2,nyu654/nyu_nyu_test_0306,full,89523,0.01057353264912058,0.03166984139161177,0.12779315150947917
NYUv2,nyu654/nyu_nyu_test_0306,sensor_hole,8435,0.06100312345955833,0.19647012836634936,0.3993565314286076
NYUv2,nyu654/nyu_nyu_test_0306,depth_boundary,6846,0.06130325221017756,0.18692314948667882,0.40649385867093
NYUv2,nyu654/nyu_nyu_test_0307,full,89523,0.01765797898710195,0.047694187371610935,0.17929836851656036
NYUv2,nyu654/nyu_nyu_test_0307,sensor_hole,10414,0.07331498449247092,0.20458911921072767,0.45546928711307183
NYUv2,nyu654/nyu_nyu_test_0307,depth_boundary,8445,0.08201457489051553,0.22452071276270053,0.47088006620761563
NYUv2,nyu654/nyu_nyu_test_0308,full,89523,0.009646321285459586,0.019406608045657112,0.04987562568015551
NYUv2,nyu654/nyu_nyu_test_0308,sensor_hole,2413,0.06679023876803235,0.11486637537972443,0.1682162700132494
NYUv2,nyu654/nyu_nyu_test_0308,depth_boundary,6660,0.049689908193510754,0.09233964004137137,0.15235414911661677
NYUv2,nyu654/nyu_nyu_test_0309,full,89523,0.037726122249175334,0.15725987255536653,0.5187132453587691
NYUv2,nyu654/nyu_nyu_test_0309,sensor_hole,15761,0.15639885123376876,0.7350665521715493,1.1815194422479718
NYUv2,nyu654/nyu_nyu_test_0309,depth_boundary,11748,0.11728318847844194,0.45759566524502043,0.8685709318936904
NYUv2,nyu654/nyu_nyu_test_0310,full,89523,0.01124354360385992,0.024627417044006117,0.05964524341573901
NYUv2,nyu654/nyu_nyu_test_0310,sensor_hole,2963,0.05086700292278762,0.09314913533243262,0.1804593075307277
NYUv2,nyu654/nyu_nyu_test_0310,depth_boundary,6202,0.04892923108828036,0.08581464922416598,0.15983129995830977
NYUv2,nyu654/nyu_nyu_test_0311,full,89523,0.019242524342907324,0.04256448096649915,0.13984638529171323
NYUv2,nyu654/nyu_nyu_test_0311,sensor_hole,8866,0.10575239868312604,0.24420838241864348,0.4122571349106231
NYUv2,nyu654/nyu_nyu_test_0311,depth_boundary,11683,0.08270108595617102,0.1833886656717906,0.3508531718915686
NYUv2,nyu654/nyu_nyu_test_0312,full,89523,0.008003678978429607,0.013955677630771558,0.025492627410645355
NYUv2,nyu654/nyu_nyu_test_0312,sensor_hole,1936,0.02714198899857719,0.041701629172918225,0.08242811408522212
NYUv2,nyu654/nyu_nyu_test_0312,depth_boundary,4903,0.03360968152749465,0.05170238296425929,0.08464550637979633
NYUv2,nyu654/nyu_nyu_test_0313,full,89523,0.021978310536596726,0.04309912123418641,0.07386874333213873
NYUv2,nyu654/nyu_nyu_test_0313,sensor_hole,19490,0.0403675269588578,0.06732872231242716,0.11081948660556414
NYUv2,nyu654/nyu_nyu_test_0313,depth_boundary,4228,0.07377040673233755,0.13938547930237022,0.22128781555053847
NYUv2,nyu654/nyu_nyu_test_0314,full,89523,0.03566996515891667,0.05644847245259674,0.12798968528291343
NYUv2,nyu654/nyu_nyu_test_0314,sensor_hole,24883,0.07475680355965608,0.11738061719264017,0.19931440633049805
NYUv2,nyu654/nyu_nyu_test_0314,depth_boundary,6267,0.10691835970150367,0.15712407656942465,0.24938041772266983
NYUv2,nyu654/nyu_nyu_test_0315,full,89523,0.03074428157501054,0.0779553797507272,0.1809825852509041
NYUv2,nyu654/nyu_nyu_test_0315,sensor_hole,23727,0.07545251856935847,0.20167944334287552,0.3363108033605134
NYUv2,nyu654/nyu_nyu_test_0315,depth_boundary,11073,0.08646972768899401,0.21672045584886818,0.39165934795406426
NYUv2,nyu654/nyu_nyu_test_0316,full,89523,0.028867001820333256,0.057651099379649115,0.13800873522354687
NYUv2,nyu654/nyu_nyu_test_0316,sensor_hole,14906,0.10492000633607183,0.22013804458874464,0.30530028571861334
NYUv2,nyu654/nyu_nyu_test_0316,depth_boundary,11501,0.08817753742436986,0.1734944706781565,0.25451642618714404
NYUv2,nyu654/nyu_nyu_test_0317,full,89523,0.009372066439740883,0.019833276941164723,0.03776425061229359
NYUv2,nyu654/nyu_nyu_test_0317,sensor_hole,7327,0.02755607854479366,0.05932646286150793,0.0869633975351465
NYUv2,nyu654/nyu_nyu_test_0317,depth_boundary,4826,0.028384779722281036,0.056547849913429926,0.08879258708397512
NYUv2,nyu654/nyu_nyu_test_0318,full,89523,0.02130626255111812,0.06513931339638747,0.20451698017427572
NYUv2,nyu654/nyu_nyu_test_0318,sensor_hole,12107,0.09988740848791838,0.3063488903787672,0.5043304589149258
NYUv2,nyu654/nyu_nyu_test_0318,depth_boundary,12234,0.07989252523393746,0.26527972268730826,0.47152520171468104
NYUv2,nyu654/nyu_nyu_test_0319,full,89523,0.042697198014572266,0.08449083728655418,0.24828454080301912
NYUv2,nyu654/nyu_nyu_test_0319,sensor_hole,9651,0.10681539411327431,0.21301175133451478,0.3943105247616689
NYUv2,nyu654/nyu_nyu_test_0319,depth_boundary,16857,0.11423344411224876,0.23815094167640102,0.42293743093927705
NYUv2,nyu654/nyu_nyu_test_0320,full,89523,0.02808444309990563,0.09213870797534877,0.24879680230861667
NYUv2,nyu654/nyu_nyu_test_0320,sensor_hole,27476,0.07180705878886447,0.24581795972947523,0.44561992271857165
NYUv2,nyu654/nyu_nyu_test_0320,depth_boundary,8528,0.062241774203352904,0.20920887919349027,0.3420625235132154
NYUv2,nyu654/nyu_nyu_test_0321,full,89523,0.02706177514046396,0.06552985718724778,0.15306434333718735
NYUv2,nyu654/nyu_nyu_test_0321,sensor_hole,35764,0.05202834522132944,0.12808824046161293,0.2373495272410806
NYUv2,nyu654/nyu_nyu_test_0321,depth_boundary,8702,0.04797009427468162,0.11778724342892839,0.2297276323455581
NYUv2,nyu654/nyu_nyu_test_0322,full,89523,0.029324006195122588,0.10009528953819781,0.26393270928027696
NYUv2,nyu654/nyu_nyu_test_0322,sensor_hole,28091,0.06090572452468596,0.1860634285847479,0.38737320163181294
NYUv2,nyu654/nyu_nyu_test_0322,depth_boundary,17269,0.0629336177275481,0.2328409726842414,0.4958616600806743
NYUv2,nyu654/nyu_nyu_test_0323,full,89523,0.0096372950847393,0.016272480833268498,0.0402889391213554
NYUv2,nyu654/nyu_nyu_test_0323,sensor_hole,20675,0.02141917913710894,0.03801290870145269,0.07512048377956317
NYUv2,nyu654/nyu_nyu_test_0323,depth_boundary,6422,0.0329744237831843,0.055175472070628034,0.09440851701600805
NYUv2,nyu654/nyu_nyu_test_0324,full,89523,0.028330938756548355,0.10840223389168936,0.2916791664402111
NYUv2,nyu654/nyu_nyu_test_0324,sensor_hole,33344,0.060022660079713706,0.24690971024792047,0.47405863329654213
NYUv2,nyu654/nyu_nyu_test_0324,depth_boundary,9880,0.07298215252770456,0.2977404944206539,0.5097506767200382
NYUv2,nyu654/nyu_nyu_test_0325,full,89523,0.02747811386711214,0.08260923823979212,0.19290133300364978
NYUv2,nyu654/nyu_nyu_test_0325,sensor_hole,23424,0.05900682412322336,0.19025847127996995,0.33996046460258095
NYUv2,nyu654/nyu_nyu_test_0325,depth_boundary,14151,0.0645584343338666,0.18012151297946066,0.3364480530228212
NYUv2,nyu654/nyu_nyu_test_0326,full,89523,0.03800107904134891,0.13725107125331643,0.312658450542325
NYUv2,nyu654/nyu_nyu_test_0326,sensor_hole,22126,0.09647028987700049,0.35225582480549134,0.5669331602445276
NYUv2,nyu654/nyu_nyu_test_0326,depth_boundary,15815,0.08973387071502953,0.31257079552141803,0.5587149873330959
NYUv2,nyu654/nyu_nyu_test_0327,full,89523,0.03383494658192051,0.08896026308201524,0.17302117550555454
NYUv2,nyu654/nyu_nyu_test_0327,sensor_hole,21140,0.07695060133037623,0.18963919212881303,0.31906971010017404
NYUv2,nyu654/nyu_nyu_test_0327,depth_boundary,12551,0.07800597848724587,0.17661313626521347,0.3085911710753861
NYUv2,nyu654/nyu_nyu_test_0328,full,89523,0.01853109385258121,0.03673057140265417,0.05744698281159264
NYUv2,nyu654/nyu_nyu_test_0328,sensor_hole,23777,0.03294791699393256,0.0628710732797139,0.08824966154691292
NYUv2,nyu654/nyu_nyu_test_0328,depth_boundary,9703,0.03492371870933984,0.06913824718071974,0.0980272555369418
NYUv2,nyu654/nyu_nyu_test_0329,full,89523,0.01685534777035867,0.03883618876925077,0.16186482084237258
NYUv2,nyu654/nyu_nyu_test_0329,sensor_hole,22115,0.03872023717757575,0.09683116737760733,0.2765120633526705
NYUv2,nyu654/nyu_nyu_test_0329,depth_boundary,8987,0.07945259822028491,0.20932918527678918,0.4750691898982025
NYUv2,nyu654/nyu_nyu_test_0330,full,89523,0.0993867694916579,0.2598152456047822,0.5187147739589422
NYUv2,nyu654/nyu_nyu_test_0330,sensor_hole,30167,0.2477262366014949,0.659787414193837,0.8798283571854179
NYUv2,nyu654/nyu_nyu_test_0330,depth_boundary,19454,0.14440147011556723,0.3355440629390157,0.6230586601289713
NYUv2,nyu654/nyu_nyu_test_0331,full,89523,0.02038715891891448,0.05276958377719526,0.15322450444932612
NYUv2,nyu654/nyu_nyu_test_0331,sensor_hole,7568,0.09582061507695322,0.20221807953387688,0.36381584124149463
NYUv2,nyu654/nyu_nyu_test_0331,depth_boundary,15174,0.06819971636697127,0.1655093421848989,0.3189793154884688
NYUv2,nyu654/nyu_nyu_test_0332,full,89523,0.011768299616432356,0.029271448064545236,0.1362088265720081
NYUv2,nyu654/nyu_nyu_test_0332,sensor_hole,7877,0.03808131406989037,0.0899455360505459,0.2648447695936046
NYUv2,nyu654/nyu_nyu_test_0332,depth_boundary,7649,0.04281539968566309,0.10906158997227373,0.30220759058844665
NYUv2,nyu654/nyu_nyu_test_0333,full,89523,0.014495383482502105,0.028723688858019826,0.0619991713130144
NYUv2,nyu654/nyu_nyu_test_0333,sensor_hole,9935,0.02475474569069497,0.046172321124717586,0.108828896763883
NYUv2,nyu654/nyu_nyu_test_0333,depth_boundary,7064,0.05739615711933703,0.09938079573526253,0.18484770329515587
NYUv2,nyu654/nyu_nyu_test_0334,full,89523,0.015360652978497414,0.027964717134887098,0.06220611610676684
NYUv2,nyu654/nyu_nyu_test_0334,sensor_hole,3853,0.06344206183993834,0.09478959293449633,0.19248004464440144
NYUv2,nyu654/nyu_nyu_test_0334,depth_boundary,5332,0.07407452981388576,0.10438491123472043,0.21328514833620393
NYUv2,nyu654/nyu_nyu_test_0335,full,89523,0.00798430344280571,0.022577680470352936,0.09824425584355974
NYUv2,nyu654/nyu_nyu_test_0335,sensor_hole,7875,0.021766115054206787,0.0594263671390594,0.10548161284616225
NYUv2,nyu654/nyu_nyu_test_0335,depth_boundary,4119,0.03990862639761464,0.13330795209828614,0.38347600343846605
NYUv2,nyu654/nyu_nyu_test_0336,full,89523,0.015401857648652699,0.05079554192386529,0.12565145613382353
NYUv2,nyu654/nyu_nyu_test_0336,sensor_hole,12169,0.04336133088302181,0.11006127456698267,0.21308081300630688
NYUv2,nyu654/nyu_nyu_test_0336,depth_boundary,8991,0.03599636547992887,0.15338274435794946,0.33779102206709644
NYUv2,nyu654/nyu_nyu_test_0337,full,89523,0.014965569896651622,0.03812467896112596,0.09376109072834374
NYUv2,nyu654/nyu_nyu_test_0337,sensor_hole,23172,0.031002325766469177,0.07015252455968674,0.13005642778541862
NYUv2,nyu654/nyu_nyu_test_0337,depth_boundary,5997,0.04616517162691141,0.1381821734757747,0.2928537076639286
NYUv2,nyu654/nyu_nyu_test_0338,full,89523,0.020996089868833744,0.07675223899652242,0.16223690135851881
NYUv2,nyu654/nyu_nyu_test_0338,sensor_hole,23349,0.047376038437183104,0.1742626534186725,0.27775406878873626
NYUv2,nyu654/nyu_nyu_test_0338,depth_boundary,13155,0.05096118972550262,0.18733890794248736,0.3297587927571183
NYUv2,nyu654/nyu_nyu_test_0339,full,89523,0.01546933745988664,0.0458318256771775,0.11896173505257293
NYUv2,nyu654/nyu_nyu_test_0339,sensor_hole,9297,0.05335537731604597,0.15759096988570476,0.28255961003271934
NYUv2,nyu654/nyu_nyu_test_0339,depth_boundary,14580,0.051189274938130476,0.14729609732683466,0.26980796018936337
NYUv2,nyu654/nyu_nyu_test_0340,full,89523,0.016978168578008206,0.05495569943734554,0.1456729269645759
NYUv2,nyu654/nyu_nyu_test_0340,sensor_hole,6640,0.07224835228586012,0.2258383927754609,0.38663710169141363
NYUv2,nyu654/nyu_nyu_test_0340,depth_boundary,11365,0.05757952228315218,0.18774320894644955,0.35185180861557735
NYUv2,nyu654/nyu_nyu_test_0341,full,89523,0.04156325109112323,0.16488438965324215,0.4946050377764729
NYUv2,nyu654/nyu_nyu_test_0341,sensor_hole,16595,0.1596675591591478,0.6178658251016749,1.0228917676542972
NYUv2,nyu654/nyu_nyu_test_0341,depth_boundary,18612,0.12239909873176077,0.44448465007672944,0.8297048961802647
NYUv2,nyu654/nyu_nyu_test_0342,full,89523,0.0508213201371023,0.3086559027917767,1.1276784217964044
NYUv2,nyu654/nyu_nyu_test_0342,sensor_hole,25896,0.11972103223695664,0.7530925333670234,1.7901183779752188
NYUv2,nyu654/nyu_nyu_test_0342,depth_boundary,23109,0.11066028174627097,0.6547527655425862,1.6766276290238062
NYUv2,nyu654/nyu_nyu_test_0343,full,89523,0.06691402196611003,0.331932535099389,0.9996030639626446
NYUv2,nyu654/nyu_nyu_test_0343,sensor_hole,28364,0.169352493220635,0.8904886591368915,1.6931254214610112
NYUv2,nyu654/nyu_nyu_test_0343,depth_boundary,22922,0.17767077659614444,0.874131644347317,1.7092369987306013
NYUv2,nyu654/nyu_nyu_test_0344,full,89523,0.03194936157423876,0.13082344360928308,0.362396704275854
NYUv2,nyu654/nyu_nyu_test_0344,sensor_hole,18115,0.10188093725454415,0.4340516178376958,0.7045231452245834
NYUv2,nyu654/nyu_nyu_test_0344,depth_boundary,13306,0.08692415363475445,0.3293183586095018,0.7107837599144948
NYUv2,nyu654/nyu_nyu_test_0345,full,89523,0.05015111312558336,0.19236558666378176,0.5436192666289464
NYUv2,nyu654/nyu_nyu_test_0345,sensor_hole,29340,0.12101227372358028,0.4757355918222816,0.9079481920668178
NYUv2,nyu654/nyu_nyu_test_0345,depth_boundary,17478,0.09601242332683582,0.35216185077470696,0.7185378147698986
NYUv2,nyu654/nyu_nyu_test_0346,full,89523,0.01918969363107563,0.03146194817919384,0.06155490171425759
NYUv2,nyu654/nyu_nyu_test_0346,sensor_hole,19657,0.03698898570044006,0.05678961535597064,0.1029311480964797
NYUv2,nyu654/nyu_nyu_test_0346,depth_boundary,13798,0.043302248401198735,0.07279410425658364,0.12067995106985105
NYUv2,nyu654/nyu_nyu_test_0347,full,89523,0.0372266652434145,0.17407609290593448,0.48058140690914275
NYUv2,nyu654/nyu_nyu_test_0347,sensor_hole,24112,0.09700695850443203,0.47769710028021245,0.8924720588610552
NYUv2,nyu654/nyu_nyu_test_0347,depth_boundary,23606,0.07445349582331749,0.31157851397440733,0.7235397673969558
NYUv2,nyu654/nyu_nyu_test_0348,full,89523,0.017616721668074806,0.09190763094834191,0.2247785354295069
NYUv2,nyu654/nyu_nyu_test_0348,sensor_hole,19741,0.04173867063178989,0.2333951149539475,0.42312117212155903
NYUv2,nyu654/nyu_nyu_test_0348,depth_boundary,16716,0.04294053655681304,0.2142317639951302,0.4259269106973988
NYUv2,nyu654/nyu_nyu_test_0349,full,89523,0.02805936401760629,0.09313922684331384,0.26658479153189146
NYUv2,nyu654/nyu_nyu_test_0349,sensor_hole,16500,0.08810358998975278,0.29848836835225423,0.5449797961106106
NYUv2,nyu654/nyu_nyu_test_0349,depth_boundary,14837,0.07713144830187439,0.2422963570831776,0.4891350712786096
NYUv2,nyu654/nyu_nyu_test_0350,full,89523,0.047060382998741816,0.1461180681037025,0.35735537357535196
NYUv2,nyu654/nyu_nyu_test_0350,sensor_hole,20358,0.1474973433453383,0.4355635673542577,0.6822812655416497
NYUv2,nyu654/nyu_nyu_test_0350,depth_boundary,15605,0.1209300588974507,0.3362927982876676,0.5886960020541745
NYUv2,nyu654/nyu_nyu_test_0351,full,89523,0.07405894802400119,0.2008873680572882,0.3904356157171998
NYUv2,nyu654/nyu_nyu_test_0351,sensor_hole,32677,0.1427593824926289,0.3711057283757428,0.5819957850765027
NYUv2,nyu654/nyu_nyu_test_0351,depth_boundary,25644,0.12192086870553437,0.33958437415445636,0.5777409690711962
NYUv2,nyu654/nyu_nyu_test_0352,full,89523,0.0526815917256257,0.18085120725853826,0.42324576422279253
NYUv2,nyu654/nyu_nyu_test_0352,sensor_hole,23177,0.13649363084576624,0.48352750067664174,0.7568504307463022
NYUv2,nyu654/nyu_nyu_test_0352,depth_boundary,18427,0.11426958422846036,0.383723264593966,0.7233064525231455
NYUv2,nyu654/nyu_nyu_test_0353,full,89523,0.046210370139812634,0.17659215161158098,0.5392996575864635
NYUv2,nyu654/nyu_nyu_test_0353,sensor_hole,18663,0.17437574973309725,0.6747014016026387,1.08479571086601
NYUv2,nyu654/nyu_nyu_test_0353,depth_boundary,11982,0.17323814743086757,0.6060388984136561,1.0969660188867416
NYUv2,nyu654/nyu_nyu_test_0354,full,89523,0.057724765765039675,0.14965998471484324,0.3044559310669188
NYUv2,nyu654/nyu_nyu_test_0354,sensor_hole,35308,0.11123029691865854,0.2528474113183423,0.4518767570679836
NYUv2,nyu654/nyu_nyu_test_0354,depth_boundary,15692,0.14502447511576297,0.3151423972144651,0.5330145500065351
NYUv2,nyu654/nyu_nyu_test_0355,full,89523,0.01212126797310602,0.03800580360885626,0.11359577772497575
NYUv2,nyu654/nyu_nyu_test_0355,sensor_hole,13557,0.03942580138430823,0.13466002844054764,0.2434166900467237
NYUv2,nyu654/nyu_nyu_test_0355,depth_boundary,7532,0.051175918888484405,0.16562918393585319,0.31834305667513024
NYUv2,nyu654/nyu_nyu_test_0356,full,89523,0.04255382564065615,0.10799585223995568,0.3519581293576568
NYUv2,nyu654/nyu_nyu_test_0356,sensor_hole,12405,0.22904335762052233,0.5601501684619361,0.9155646617698947
NYUv2,nyu654/nyu_nyu_test_0356,depth_boundary,13377,0.0833937627259398,0.2197904489611959,0.502370203200721
NYUv2,nyu654/nyu_nyu_test_0357,full,89523,0.03680326397340381,0.10462366200968294,0.40779967976000603
NYUv2,nyu654/nyu_nyu_test_0357,sensor_hole,17785,0.10473650384413724,0.27980362550911353,0.6618860212184342
NYUv2,nyu654/nyu_nyu_test_0357,depth_boundary,18934,0.10027384250332702,0.29362403998294856,0.7728581726107048
NYUv2,nyu654/nyu_nyu_test_0358,full,89523,0.04714057020969039,0.09405138688982675,0.23457995226001177
NYUv2,nyu654/nyu_nyu_test_0358,sensor_hole,12138,0.1691811186547682,0.34519183760440453,0.5264662696605916
NYUv2,nyu654/nyu_nyu_test_0358,depth_boundary,14766,0.18536684708193224,0.2891696062770039,0.5055913754744088
NYUv2,nyu654/nyu_nyu_test_0359,full,89523,0.029712173679697945,0.10687311792651163,0.3168853737664966
NYUv2,nyu654/nyu_nyu_test_0359,sensor_hole,18258,0.07552314762216343,0.2651436163765641,0.61198302094552
NYUv2,nyu654/nyu_nyu_test_0359,depth_boundary,22177,0.07049454687566153,0.2589509482206771,0.588784389955489
NYUv2,nyu654/nyu_nyu_test_0360,full,89523,0.018961044746112557,0.059618039214682825,0.2407025147612887
NYUv2,nyu654/nyu_nyu_test_0360,sensor_hole,10010,0.07343680282769109,0.2585245094218335,0.6091547572719254
NYUv2,nyu654/nyu_nyu_test_0360,depth_boundary,11752,0.08687804800560113,0.290733995173479,0.6323157231683392
NYUv2,nyu654/nyu_nyu_test_0361,full,89523,0.03044082147038179,0.09826575566630857,0.25141021847513845
NYUv2,nyu654/nyu_nyu_test_0361,sensor_hole,22591,0.05846328794855479,0.1809938175787695,0.39611081730004766
NYUv2,nyu654/nyu_nyu_test_0361,depth_boundary,21920,0.06103624364964226,0.18628577512219874,0.40320061941042007
NYUv2,nyu654/nyu_nyu_test_0362,full,89523,0.03626724019099973,0.13832196180120812,0.2780421181934259
NYUv2,nyu654/nyu_nyu_test_0362,sensor_hole,19046,0.09150528695209355,0.3649714922067511,0.5270673543216714
NYUv2,nyu654/nyu_nyu_test_0362,depth_boundary,18393,0.06458568606977073,0.2194846426138564,0.3588191388317328
NYUv2,nyu654/nyu_nyu_test_0363,full,89523,0.042756745159563375,0.14186922172377092,0.3705808256300898
NYUv2,nyu654/nyu_nyu_test_0363,sensor_hole,28388,0.10241457984098327,0.36358688795870586,0.645978910172199
NYUv2,nyu654/nyu_nyu_test_0363,depth_boundary,13503,0.1099043127560493,0.352025009072075,0.652841901893474
NYUv2,nyu654/nyu_nyu_test_0364,full,89523,0.01968787361141935,0.04001427120227787,0.072183375598833
NYUv2,nyu654/nyu_nyu_test_0364,sensor_hole,14448,0.032913399536978354,0.05756463615403223,0.09909580539945605
NYUv2,nyu654/nyu_nyu_test_0364,depth_boundary,11559,0.042298322896024663,0.0852911493978097,0.13160035869941317
NYUv2,nyu654/nyu_nyu_test_0365,full,89523,0.0493184197571055,0.23833025310284617,0.7043949331592685
NYUv2,nyu654/nyu_nyu_test_0365,sensor_hole,32873,0.11471546299146285,0.5944552778947474,1.1566799312666285
NYUv2,nyu654/nyu_nyu_test_0365,depth_boundary,16305,0.1051815795955881,0.44145333630948735,0.9568707533981463
NYUv2,nyu654/nyu_nyu_test_0366,full,89523,0.05456227283294828,0.17279322938036587,0.5419180958791502
NYUv2,nyu654/nyu_nyu_test_0366,sensor_hole,33673,0.12381438767422558,0.3988600434549059,0.8639189383867218
NYUv2,nyu654/nyu_nyu_test_0366,depth_boundary,14893,0.17261060708321263,0.5346999197451909,1.0340380599783896
NYUv2,nyu654/nyu_nyu_test_0367,full,89523,0.076105936330071,0.24462395157553618,0.6097268983129552
NYUv2,nyu654/nyu_nyu_test_0367,sensor_hole,33335,0.1798425750283338,0.5921160861025047,0.9912155787101787
NYUv2,nyu654/nyu_nyu_test_0367,depth_boundary,16612,0.15947528691498064,0.46028806403720635,0.8393795276840859
NYUv2,nyu654/nyu_nyu_test_0368,full,89523,0.03949056116742624,0.129667611847217,0.3072355599762762
NYUv2,nyu654/nyu_nyu_test_0368,sensor_hole,34173,0.08013897022486718,0.27085976690578073,0.48206018962639635
NYUv2,nyu654/nyu_nyu_test_0368,depth_boundary,15151,0.08927573292894932,0.2954821724142936,0.49359264658658986
NYUv2,nyu654/nyu_nyu_test_0369,full,89523,0.061078209430644376,0.16244552480965807,0.3632704922785172
NYUv2,nyu654/nyu_nyu_test_0369,sensor_hole,21437,0.1424827191147131,0.38611846347016876,0.6116693197912744
NYUv2,nyu654/nyu_nyu_test_0369,depth_boundary,9081,0.19448184107086075,0.39474901689882913,0.6615344011685627
NYUv2,nyu654/nyu_nyu_test_0370,full,89523,0.011609864293513595,0.02998308521140915,0.06074895364156736
NYUv2,nyu654/nyu_nyu_test_0370,sensor_hole,10450,0.0326975976567679,0.0828890836409975,0.11002283276197956
NYUv2,nyu654/nyu_nyu_test_0370,depth_boundary,8078,0.035828447964449464,0.09129454927829328,0.14170897442114452
NYUv2,nyu654/nyu_nyu_test_0371,full,89523,0.013990978767989786,0.03350843993931659,0.0804926023802678
NYUv2,nyu654/nyu_nyu_test_0371,sensor_hole,14365,0.038241244911157074,0.09725022910158268,0.1662890272486372
NYUv2,nyu654/nyu_nyu_test_0371,depth_boundary,6779,0.04467991717415415,0.10706522605784577,0.18904275120512767
NYUv2,nyu654/nyu_nyu_test_0372,full,89523,0.014739720068804411,0.021882995327754503,0.04512018386749977
NYUv2,nyu654/nyu_nyu_test_0372,sensor_hole,12406,0.04423620423489314,0.061196653838698066,0.0923515304925661
NYUv2,nyu654/nyu_nyu_test_0372,depth_boundary,10203,0.040418195652120834,0.054023255884069026,0.09088668081091238
NYUv2,nyu654/nyu_nyu_test_0373,full,89523,0.033944767355427743,0.11887223064761623,0.2949699932699647
NYUv2,nyu654/nyu_nyu_test_0373,sensor_hole,16812,0.11505961289676002,0.4019696413832507,0.6132969190359797
NYUv2,nyu654/nyu_nyu_test_0373,depth_boundary,18905,0.08720848706384221,0.3028000141381902,0.5277692564437969
NYUv2,nyu654/nyu_nyu_test_0374,full,89523,0.031084136029657837,0.08745485418168282,0.26595662320339447
NYUv2,nyu654/nyu_nyu_test_0374,sensor_hole,15487,0.11092757176805929,0.3084167647778953,0.5509658408737944
NYUv2,nyu654/nyu_nyu_test_0374,depth_boundary,16425,0.09752378003121558,0.2611603663065662,0.51900294990664
NYUv2,nyu654/nyu_nyu_test_0375,full,89523,0.017140747454113335,0.04212023483349041,0.14418529180713757
NYUv2,nyu654/nyu_nyu_test_0375,sensor_hole,8813,0.0721674462378544,0.18458903275458102,0.35092816595828347
NYUv2,nyu654/nyu_nyu_test_0375,depth_boundary,11070,0.07605209681917482,0.1868070094673722,0.3860545711259746
NYUv2,nyu654/nyu_nyu_test_0376,full,89523,0.02626178780958457,0.06406760733553947,0.14854066598632384
NYUv2,nyu654/nyu_nyu_test_0376,sensor_hole,24787,0.05181108474789049,0.13232097903905066,0.2575692467268389
NYUv2,nyu654/nyu_nyu_test_0376,depth_boundary,13362,0.05858892704568133,0.1545044352570759,0.297163538469028
NYUv2,nyu654/nyu_nyu_test_0377,full,89523,0.05487117427623394,0.17333758709935984,0.6798553856481736
NYUv2,nyu654/nyu_nyu_test_0377,sensor_hole,45545,0.08529001776426622,0.2583905242973212,0.8071775051674368
NYUv2,nyu654/nyu_nyu_test_0377,depth_boundary,14998,0.14344327037666096,0.47013605040762485,1.1149179385096946
NYUv2,nyu654/nyu_nyu_test_0378,full,89523,0.05546377063005334,0.1306175011924456,0.34214982163623375
NYUv2,nyu654/nyu_nyu_test_0378,sensor_hole,39822,0.10227440922851143,0.23215597696584758,0.49446651172571054
NYUv2,nyu654/nyu_nyu_test_0378,depth_boundary,15461,0.13225567194684024,0.33392587255347506,0.6221459515627248
NYUv2,nyu654/nyu_nyu_test_0379,full,89523,0.02723186945210558,0.10738692984400908,0.40200170150226905
NYUv2,nyu654/nyu_nyu_test_0379,sensor_hole,15149,0.09849299505646024,0.4091682820770558,0.8727232486858322
NYUv2,nyu654/nyu_nyu_test_0379,depth_boundary,8641,0.11426894927831864,0.46441030916192577,0.926883924050593
NYUv2,nyu654/nyu_nyu_test_0380,full,89523,0.07449866895462198,0.24790602176341198,0.809903697305017
NYUv2,nyu654/nyu_nyu_test_0380,sensor_hole,30324,0.1586144327415412,0.48404948084528315,1.1982995018234808
NYUv2,nyu654/nyu_nyu_test_0380,depth_boundary,12508,0.16370784062782168,0.6136713957191848,1.3668225661668918
NYUv2,nyu654/nyu_nyu_test_0381,full,89523,0.03405394500032768,0.09803193600470744,0.38239770279387747
NYUv2,nyu654/nyu_nyu_test_0381,sensor_hole,19753,0.1025621292493352,0.27031412072974215,0.6118540536388546
NYUv2,nyu654/nyu_nyu_test_0381,depth_boundary,9934,0.12209563537031302,0.4490120541000597,1.0044712946432404
NYUv2,nyu654/nyu_nyu_test_0382,full,89523,0.014253244402724446,0.04240325820492221,0.08972231473213772
NYUv2,nyu654/nyu_nyu_test_0382,sensor_hole,15589,0.023900148608442553,0.07039165627590098,0.1476531481176978
NYUv2,nyu654/nyu_nyu_test_0382,depth_boundary,11552,0.04583482992648545,0.12520521748140248,0.21436903052751363
NYUv2,nyu654/nyu_nyu_test_0383,full,89523,0.012900389318307956,0.044834481604945665,0.10407941885402784
NYUv2,nyu654/nyu_nyu_test_0383,sensor_hole,9339,0.051104398802138594,0.17524208704936886,0.2754379535423099
NYUv2,nyu654/nyu_nyu_test_0383,depth_boundary,8115,0.04563094433533979,0.15015851975368705,0.27908629229627274
NYUv2,nyu654/nyu_nyu_test_0384,full,89523,0.0066107918537584515,0.014109974343012121,0.030255147135228578
NYUv2,nyu654/nyu_nyu_test_0384,sensor_hole,2536,0.031229114198686975,0.06532006929349449,0.08947430025717779
NYUv2,nyu654/nyu_nyu_test_0384,depth_boundary,3261,0.030912536992666752,0.07223729632522971,0.10869495937079157
NYUv2,nyu654/nyu_nyu_test_0385,full,89523,0.03655624174109094,0.13009105519552355,0.32844712816297744
NYUv2,nyu654/nyu_nyu_test_0385,sensor_hole,25661,0.07957591523275341,0.2663769992076757,0.5547886011214281
NYUv2,nyu654/nyu_nyu_test_0385,depth_boundary,19894,0.06995963358726405,0.26542232071225624,0.5512995463413758
NYUv2,nyu654/nyu_nyu_test_0386,full,89523,0.03065871226900292,0.08316217480378219,0.24923353842497986
NYUv2,nyu654/nyu_nyu_test_0386,sensor_hole,18665,0.09883382096731227,0.27848128729584454,0.5249773709713412
NYUv2,nyu654/nyu_nyu_test_0386,depth_boundary,15013,0.101069156654945,0.27131078544276344,0.5417947727192177
NYUv2,nyu654/nyu_nyu_test_0387,full,89523,0.0264008902534481,0.08087618177700885,0.24805117514619093
NYUv2,nyu654/nyu_nyu_test_0387,sensor_hole,16655,0.08437750008352282,0.23955708974404794,0.5049488961998757
NYUv2,nyu654/nyu_nyu_test_0387,depth_boundary,12771,0.08308595638321226,0.28010245865246913,0.5973723031469016
NYUv2,nyu654/nyu_nyu_test_0388,full,89523,0.02180866746939677,0.07281419130240542,0.15263430161992958
NYUv2,nyu654/nyu_nyu_test_0388,sensor_hole,16004,0.07430473951102741,0.23374388973077098,0.3136408630481659
NYUv2,nyu654/nyu_nyu_test_0388,depth_boundary,10894,0.05679684656559816,0.18809820246823408,0.28887028220727995
NYUv2,nyu654/nyu_nyu_test_0389,full,89523,0.012318624054341693,0.04348398980038344,0.11822752565992713
NYUv2,nyu654/nyu_nyu_test_0389,sensor_hole,5835,0.044366438621473644,0.16069984818076924,0.28262121355494396
NYUv2,nyu654/nyu_nyu_test_0389,depth_boundary,11472,0.0378457859359912,0.12978357926655348,0.28372576007160777
NYUv2,nyu654/nyu_nyu_test_0390,full,89523,0.023025543740817462,0.0767141587778991,0.1923764677823546
NYUv2,nyu654/nyu_nyu_test_0390,sensor_hole,9285,0.10535378930121851,0.3519752332133251,0.5038542274242497
NYUv2,nyu654/nyu_nyu_test_0390,depth_boundary,10196,0.09298987349531379,0.2806068347476893,0.45923602200848707
NYUv2,nyu654/nyu_nyu_test_0391,full,89523,0.01958441554474074,0.05004150686457068,0.09421167882290939
NYUv2,nyu654/nyu_nyu_test_0391,sensor_hole,13455,0.045809188787718336,0.08081416774088457,0.16730547829882667
NYUv2,nyu654/nyu_nyu_test_0391,depth_boundary,12136,0.05280722586104235,0.11188218130649669,0.2083473026103982
NYUv2,nyu654/nyu_nyu_test_0392,full,89523,0.008276599109180683,0.026952587069329282,0.1505132785727993
NYUv2,nyu654/nyu_nyu_test_0392,sensor_hole,405,0.2804644774845749,1.3362034444455748,1.736186013285615
NYUv2,nyu654/nyu_nyu_test_0392,depth_boundary,3768,0.05980211829418497,0.20974235866226715,0.486433940585249
NYUv2,nyu654/nyu_nyu_test_0393,full,89523,0.010526738769501387,0.01704153354990098,0.048153942003154065
NYUv2,nyu654/nyu_nyu_test_0393,sensor_hole,1963,0.0667946992023936,0.10076791433673456,0.17162195633765503
NYUv2,nyu654/nyu_nyu_test_0393,depth_boundary,9242,0.04753806241316234,0.07726835609901211,0.1410060333659351
NYUv2,nyu654/nyu_nyu_test_0394,full,89523,0.018553134943663018,0.05126696976763875,0.11936677426979218
NYUv2,nyu654/nyu_nyu_test_0394,sensor_hole,7496,0.07744210101474577,0.19350700007240698,0.3659336442919161
NYUv2,nyu654/nyu_nyu_test_0394,depth_boundary,8918,0.055115805859589265,0.13854823712143402,0.3065651116600095
NYUv2,nyu654/nyu_nyu_test_0395,full,89523,0.0066187176631741585,0.02012098727183593,0.03221314100343909
NYUv2,nyu654/nyu_nyu_test_0395,sensor_hole,4010,0.018043005326105806,0.05353509844687217,0.07196730635360156
NYUv2,nyu654/nyu_nyu_test_0395,depth_boundary,6169,0.01662088694840858,0.05079934757017475,0.07083042143848738
NYUv2,nyu654/nyu_nyu_test_0396,full,89523,0.009316090029093756,0.022301593834388997,0.03541748096781869
NYUv2,nyu654/nyu_nyu_test_0396,sensor_hole,4963,0.01931575831629025,0.04143416781879927,0.05819057878236798
NYUv2,nyu654/nyu_nyu_test_0396,depth_boundary,13471,0.017099409597679794,0.035809281607547094,0.05634530269699139
NYUv2,nyu654/nyu_nyu_test_0397,full,89523,0.014018791290705032,0.032142311570637,0.06242639194895599
NYUv2,nyu654/nyu_nyu_test_0397,sensor_hole,6056,0.04663505406483267,0.09685312709531192,0.1678971131807275
NYUv2,nyu654/nyu_nyu_test_0397,depth_boundary,8053,0.043736658062607625,0.09296376391640217,0.16013031539770892
NYUv2,nyu654/nyu_nyu_test_0398,full,89523,0.011262441235275146,0.029874577302882566,0.0651346189284332
NYUv2,nyu654/nyu_nyu_test_0398,sensor_hole,6627,0.038102378308872045,0.09920475787664586,0.17928647824582147
NYUv2,nyu654/nyu_nyu_test_0398,depth_boundary,8357,0.03219256306304926,0.08544692157828895,0.16966439179393816
NYUv2,nyu654/nyu_nyu_test_0399,full,89523,0.01802703638503033,0.04341492268005908,0.10596647222913375
NYUv2,nyu654/nyu_nyu_test_0399,sensor_hole,10576,0.052568190579132125,0.13733767751891746,0.21787969216729222
NYUv2,nyu654/nyu_nyu_test_0399,depth_boundary,12360,0.05174784654476373,0.12570626613198746,0.25178444230777386
NYUv2,nyu654/nyu_nyu_test_0400,full,89523,0.011885551942726417,0.042732966619590244,0.11281226005315134
NYUv2,nyu654/nyu_nyu_test_0400,sensor_hole,7881,0.047688056779122565,0.1880277452274047,0.32121910724253655
NYUv2,nyu654/nyu_nyu_test_0400,depth_boundary,9073,0.02888109388738725,0.10543522935421848,0.23794632819400777
NYUv2,nyu654/nyu_nyu_test_0401,full,89523,0.016462046751205384,0.05246785928151518,0.10586190476785892
NYUv2,nyu654/nyu_nyu_test_0401,sensor_hole,7795,0.08415742194542641,0.2632398799109566,0.29472724047980775
NYUv2,nyu654/nyu_nyu_test_0401,depth_boundary,7672,0.03633041114719513,0.09998268056835696,0.1687191164838926
NYUv2,nyu654/nyu_nyu_test_0402,full,89523,0.03040683466028414,0.08604098903338274,0.25290623783642574
NYUv2,nyu654/nyu_nyu_test_0402,sensor_hole,10016,0.11668036525418442,0.2527605360403609,0.476833884537321
NYUv2,nyu654/nyu_nyu_test_0402,depth_boundary,13728,0.09251219806932284,0.2351607210274204,0.4771670511942222
NYUv2,nyu654/nyu_nyu_test_0403,full,89523,0.005921707051004079,0.017166915163643305,0.03688131917773735
NYUv2,nyu654/nyu_nyu_test_0403,sensor_hole,179,0.0583375992163996,0.155595619585261,0.22737811527432872
NYUv2,nyu654/nyu_nyu_test_0403,depth_boundary,5330,0.026485396708958695,0.07423805984726095,0.12843002173501747
NYUv2,nyu654/nyu_nyu_test_0404,full,89523,0.005190198460772046,0.015222918388983967,0.026172693604632386
NYUv2,nyu654/nyu_nyu_test_0404,sensor_hole,321,0.020868512283707195,0.0635808442611932,0.07960326987804417
NYUv2,nyu654/nyu_nyu_test_0404,depth_boundary,3101,0.01935485372188473,0.061017751155534664,0.0918611892713332
NYUv2,nyu654/nyu_nyu_test_0405,full,89523,0.013175921200813744,0.036207675237408386,0.07662566196805484
NYUv2,nyu654/nyu_nyu_test_0405,sensor_hole,4790,0.07845682010419475,0.15698180656592384,0.22015042087387765
NYUv2,nyu654/nyu_nyu_test_0405,depth_boundary,7783,0.046285032613736364,0.12287782761947394,0.1974927504752892
NYUv2,nyu654/nyu_nyu_test_0406,full,89523,0.015672104827836087,0.03839947021557624,0.06261168429203197
NYUv2,nyu654/nyu_nyu_test_0406,sensor_hole,2163,0.057235649224783254,0.10270872239541853,0.1749784237646863
NYUv2,nyu654/nyu_nyu_test_0406,depth_boundary,7463,0.04590830831173692,0.09509442912562674,0.15328819625938375
NYUv2,nyu654/nyu_nyu_test_0407,full,89523,0.008994509291906585,0.019738255283443536,0.04480140421836189
NYUv2,nyu654/nyu_nyu_test_0407,sensor_hole,3315,0.03109812281884512,0.05916011797356929,0.10990563594433216
NYUv2,nyu654/nyu_nyu_test_0407,depth_boundary,5938,0.03884760680131941,0.08617669020730183,0.1451274793896233
NYUv2,nyu654/nyu_nyu_test_0408,full,89523,0.010725102689298233,0.042056557184681286,0.1302105152868617
NYUv2,nyu654/nyu_nyu_test_0408,sensor_hole,5835,0.08225755280854748,0.33019836780446765,0.47972439963874447
NYUv2,nyu654/nyu_nyu_test_0408,depth_boundary,4492,0.03746624468243568,0.14995997501926983,0.258531436554275
NYUv2,nyu654/nyu_nyu_test_0409,full,89523,0.009202678327954612,0.03351921300064704,0.06299265851918752
NYUv2,nyu654/nyu_nyu_test_0409,sensor_hole,2382,0.0256252640062368,0.08687859103021053,0.14736416055823262
NYUv2,nyu654/nyu_nyu_test_0409,depth_boundary,5651,0.028539905810043967,0.09777876156196195,0.19920426076167974
NYUv2,nyu654/nyu_nyu_test_0410,full,89523,0.009563226805953479,0.031105953435063817,0.06179243164012412
NYUv2,nyu654/nyu_nyu_test_0410,sensor_hole,953,0.021658288733857164,0.07198433010425548,0.15121328715857504
NYUv2,nyu654/nyu_nyu_test_0410,depth_boundary,9407,0.02599945940860981,0.08178622596915501,0.15316231629687216
NYUv2,nyu654/nyu_nyu_test_0411,full,89523,0.011410915754830926,0.029549543657274413,0.058992130215691
NYUv2,nyu654/nyu_nyu_test_0411,sensor_hole,6021,0.04802941185994452,0.1035043179167206,0.16806960024803358
NYUv2,nyu654/nyu_nyu_test_0411,depth_boundary,7320,0.03843609516368545,0.09391772230791916,0.15965634197516854
NYUv2,nyu654/nyu_nyu_test_0412,full,89523,0.011398650862140113,0.03166076941061024,0.06598148138614683
NYUv2,nyu654/nyu_nyu_test_0412,sensor_hole,2326,0.03316271249311552,0.07853565980725932,0.19816579194307252
NYUv2,nyu654/nyu_nyu_test_0412,depth_boundary,5346,0.045244582356684576,0.10671294540490187,0.2181047963240094
NYUv2,nyu654/nyu_nyu_test_0413,full,89523,0.020050570964432506,0.05904803456840729,0.13035136772497855
NYUv2,nyu654/nyu_nyu_test_0413,sensor_hole,13251,0.07931471261249329,0.22375106516446486,0.3183000481020873
NYUv2,nyu654/nyu_nyu_test_0413,depth_boundary,4377,0.05069620232532117,0.14205428787037094,0.24141166989129326
NYUv2,nyu654/nyu_nyu_test_0414,full,89523,0.010023583573803632,0.0327814837296138,0.06452566846796567
NYUv2,nyu654/nyu_nyu_test_0414,sensor_hole,15138,0.015439119882232576,0.04061649873811387,0.07003970041445612
NYUv2,nyu654/nyu_nyu_test_0414,depth_boundary,6846,0.027428507103102854,0.09125417481379797,0.17647218255635436
NYUv2,nyu654/nyu_nyu_test_0415,full,89523,0.011341999477403874,0.037002597593618534,0.06095832759111303
NYUv2,nyu654/nyu_nyu_test_0415,sensor_hole,10241,0.013987922294019574,0.037663699930830054,0.059638785916217775
NYUv2,nyu654/nyu_nyu_test_0415,depth_boundary,7283,0.02524453293460767,0.07942120377120124,0.13773446379133228
NYUv2,nyu654/nyu_nyu_test_0416,full,89523,0.019171316162079254,0.05613031035439119,0.2246163933674667
NYUv2,nyu654/nyu_nyu_test_0416,sensor_hole,7009,0.11184935746598877,0.25679713406836974,0.5048546739175143
NYUv2,nyu654/nyu_nyu_test_0416,depth_boundary,11759,0.08663925332773156,0.24444225522488272,0.5827892941920756
NYUv2,nyu654/nyu_nyu_test_0417,full,89523,0.012901318765879577,0.04264728172856364,0.09707079047285061
NYUv2,nyu654/nyu_nyu_test_0417,sensor_hole,1486,0.0742571758746615,0.19946464811969414,0.31306399383280203
NYUv2,nyu654/nyu_nyu_test_0417,depth_boundary,5857,0.05259929373371924,0.15079141591257542,0.293818796928415
NYUv2,nyu654/nyu_nyu_test_0418,full,89523,0.01668735784418922,0.06907389354204062,0.2790633391183752
NYUv2,nyu654/nyu_nyu_test_0418,sensor_hole,3561,0.09046152709753588,0.4005450406994454,0.6648533048655612
NYUv2,nyu654/nyu_nyu_test_0418,depth_boundary,10861,0.055246103600434644,0.24011013981123983,0.5933817718415164
NYUv2,nyu654/nyu_nyu_test_0419,full,89523,0.012266623811595108,0.0374700362159581,0.06547936063372879
NYUv2,nyu654/nyu_nyu_test_0419,sensor_hole,1922,0.06216406995470245,0.15799925683316282,0.2363193090327735
NYUv2,nyu654/nyu_nyu_test_0419,depth_boundary,5366,0.04137537263112278,0.10997800919443558,0.17801908868281077
NYUv2,nyu654/nyu_nyu_test_0420,full,89523,0.02158738514871885,0.04878930887444061,0.1496622975947114
NYUv2,nyu654/nyu_nyu_test_0420,sensor_hole,5192,0.1387658194097399,0.3016890278444819,0.5003598548208855
NYUv2,nyu654/nyu_nyu_test_0420,depth_boundary,9323,0.11397768891681298,0.23540194160140637,0.43997209290880435
NYUv2,nyu654/nyu_nyu_test_0421,full,89523,0.019951464528690382,0.049825232362767966,0.10556870104577873
NYUv2,nyu654/nyu_nyu_test_0421,sensor_hole,12148,0.05781142567561127,0.13098381225671035,0.23968120892485703
NYUv2,nyu654/nyu_nyu_test_0421,depth_boundary,12966,0.05403160242195409,0.12269195172313406,0.22626331491436094
NYUv2,nyu654/nyu_nyu_test_0422,full,89523,0.019600390194777096,0.05429647187837339,0.17833375500391702
NYUv2,nyu654/nyu_nyu_test_0422,sensor_hole,7028,0.12512621394717716,0.27279939879459214,0.4259610871203962
NYUv2,nyu654/nyu_nyu_test_0422,depth_boundary,6162,0.08766471642454159,0.3035008715213564,0.5529131844638234
NYUv2,nyu654/nyu_nyu_test_0423,full,89523,0.007482170177890545,0.01990257214947528,0.05306180215873794
NYUv2,nyu654/nyu_nyu_test_0423,sensor_hole,2855,0.02238656029774126,0.05268110101569555,0.10408346250465536
NYUv2,nyu654/nyu_nyu_test_0423,depth_boundary,6970,0.03135402594705956,0.08934070369605525,0.15954863977343645
NYUv2,nyu654/nyu_nyu_test_0424,full,89523,0.022695337901904224,0.07177821761322899,0.22971464782953346
NYUv2,nyu654/nyu_nyu_test_0424,sensor_hole,3243,0.13809134977796456,0.32937910925853114,0.5582540121578978
NYUv2,nyu654/nyu_nyu_test_0424,depth_boundary,10307,0.08168952343952136,0.27710741876896594,0.5207887175828152
NYUv2,nyu654/nyu_nyu_test_0425,full,89523,0.015376087453633667,0.04636241669200662,0.17052118702720007
NYUv2,nyu654/nyu_nyu_test_0425,sensor_hole,2001,0.14353046856701573,0.5125887436249564,0.8925459457707657
NYUv2,nyu654/nyu_nyu_test_0425,depth_boundary,10541,0.07199909452241533,0.22284370086844715,0.4658593053736544
NYUv2,nyu654/nyu_nyu_test_0426,full,89523,0.013257680220331294,0.038385050644705244,0.11454781249358033
NYUv2,nyu654/nyu_nyu_test_0426,sensor_hole,2009,0.07248786880837203,0.19723138980096463,0.3326363426981195
NYUv2,nyu654/nyu_nyu_test_0426,depth_boundary,10455,0.04626993485715099,0.1363984702193298,0.2551600679845103
NYUv2,nyu654/nyu_nyu_test_0427,full,89523,0.010262479047192784,0.027887827496002215,0.10365620228924985
NYUv2,nyu654/nyu_nyu_test_0427,sensor_hole,1045,0.08952672765747796,0.27042668835398115,0.4522926782235691
NYUv2,nyu654/nyu_nyu_test_0427,depth_boundary,8425,0.046827696393440595,0.14058499503206429,0.3065295593233855
NYUv2,nyu654/nyu_nyu_test_0428,full,89523,0.028019648124915177,0.07210760474685726,0.15780150980852306
NYUv2,nyu654/nyu_nyu_test_0428,sensor_hole,9441,0.10969380217095386,0.24981455826403265,0.425664907432697
NYUv2,nyu654/nyu_nyu_test_0428,depth_boundary,11646,0.0847940338430053,0.2024507017484056,0.35719460777775114
NYUv2,nyu654/nyu_nyu_test_0429,full,89523,0.009862288885811398,0.034792021004991174,0.09459758945599732
NYUv2,nyu654/nyu_nyu_test_0429,sensor_hole,1662,0.05528661485024325,0.20162789536153652,0.356443147042518
NYUv2,nyu654/nyu_nyu_test_0429,depth_boundary,7662,0.044181885025439904,0.15097769997630844,0.2898424358439216
NYUv2,nyu654/nyu_nyu_test_0430,full,89523,0.014919954819014303,0.049790346425256315,0.08543813389737721
NYUv2,nyu654/nyu_nyu_test_0430,sensor_hole,1716,0.031124023034092865,0.1097889000024551,0.17231977403164322
NYUv2,nyu654/nyu_nyu_test_0430,depth_boundary,12488,0.029655226133406883,0.089551605594456,0.16662633279043748
NYUv2,nyu654/nyu_nyu_test_0431,full,89523,0.04500581084935119,0.08916764510252741,0.25293833229508034
NYUv2,nyu654/nyu_nyu_test_0431,sensor_hole,7434,0.3069946199499102,0.4631284118372168,0.6050081513603541
NYUv2,nyu654/nyu_nyu_test_0431,depth_boundary,8092,0.1464794027426624,0.28425344068315794,0.5329536192595653
NYUv2,nyu654/nyu_nyu_test_0432,full,89523,0.005994376914075559,0.014868146211533746,0.0276479119463063
NYUv2,nyu654/nyu_nyu_test_0432,sensor_hole,1852,0.023291427168932215,0.05838217623290439,0.08090553301320881
NYUv2,nyu654/nyu_nyu_test_0432,depth_boundary,5809,0.02101084871715278,0.052247062425519825,0.07705918803368302
NYUv2,nyu654/nyu_nyu_test_0433,full,89523,0.011537089983700802,0.03061374724820106,0.07696745804862487
NYUv2,nyu654/nyu_nyu_test_0433,sensor_hole,2952,0.07881695433245661,0.19906244982225785,0.2738688819496584
NYUv2,nyu654/nyu_nyu_test_0433,depth_boundary,7434,0.048399215385458196,0.12431043647841032,0.19234757854842546
NYUv2,nyu654/nyu_nyu_test_0434,full,89523,0.01059539535144544,0.026954613516728416,0.05319082569091853
NYUv2,nyu654/nyu_nyu_test_0434,sensor_hole,9625,0.021715430430101917,0.06319459019698107,0.10078950693187731
NYUv2,nyu654/nyu_nyu_test_0434,depth_boundary,11233,0.025570423631795743,0.056460218428291936,0.1132895513478044
NYUv2,nyu654/nyu_nyu_test_0435,full,89523,0.007751700690269903,0.023919489755135456,0.06251714764711276
NYUv2,nyu654/nyu_nyu_test_0435,sensor_hole,750,0.03812816963066101,0.11858702913920084,0.19696454495578908
NYUv2,nyu654/nyu_nyu_test_0435,depth_boundary,7560,0.03412159836394474,0.10877313017845154,0.19638369634465666
NYUv2,nyu654/nyu_nyu_test_0436,full,89523,0.025613614530399575,0.0650648982361111,0.224873243917738
NYUv2,nyu654/nyu_nyu_test_0436,sensor_hole,6554,0.15514260558453907,0.3745437807286699,0.6358710502545988
NYUv2,nyu654/nyu_nyu_test_0436,depth_boundary,10717,0.0951420311664341,0.2336848843416928,0.4657050497622889
NYUv2,nyu654/nyu_nyu_test_0437,full,89523,0.011593539255338415,0.038941534080879074,0.0902204655003411
NYUv2,nyu654/nyu_nyu_test_0437,sensor_hole,3339,0.08942432424558522,0.26076814558163985,0.380466855296282
NYUv2,nyu654/nyu_nyu_test_0437,depth_boundary,7397,0.04299253607331616,0.12364917681702926,0.23188317734801478
NYUv2,nyu654/nyu_nyu_test_0438,full,89523,0.007952750952310947,0.021775834216014558,0.05868401739678736
NYUv2,nyu654/nyu_nyu_test_0438,sensor_hole,561,0.06345264530886233,0.19065849390046907,0.349591497318879
NYUv2,nyu654/nyu_nyu_test_0438,depth_boundary,6993,0.029117554545833684,0.08259841743907277,0.18500757474165955
NYUv2,nyu654/nyu_nyu_test_0439,full,89523,0.010339263211554333,0.01855644947063848,0.04587850732817355
NYUv2,nyu654/nyu_nyu_test_0439,sensor_hole,1495,0.08115895666628299,0.14036650785235658,0.21103984501170459
NYUv2,nyu654/nyu_nyu_test_0439,depth_boundary,8357,0.042200115495082444,0.07306567334067497,0.1330715268522222
NYUv2,nyu654/nyu_nyu_test_0440,full,89523,0.018830867768605875,0.06107257011142523,0.09680342181483036
NYUv2,nyu654/nyu_nyu_test_0440,sensor_hole,15611,0.04643411188633993,0.1475271372186955,0.18912823451953686
NYUv2,nyu654/nyu_nyu_test_0440,depth_boundary,5199,0.028574994239380345,0.0842279860046557,0.13720238793546405
NYUv2,nyu654/nyu_nyu_test_0441,full,89523,0.01455944499060038,0.03670823264201639,0.1024206256658413
NYUv2,nyu654/nyu_nyu_test_0441,sensor_hole,11872,0.06080694104351594,0.15450226840866865,0.24792111082586893
NYUv2,nyu654/nyu_nyu_test_0441,depth_boundary,8297,0.0603535059802319,0.15499414124085958,0.25455726954426977
NYUv2,nyu654/nyu_nyu_test_0442,full,89523,0.014321194396129612,0.04492322189998604,0.12023168125480628
NYUv2,nyu654/nyu_nyu_test_0442,sensor_hole,3795,0.08053290613619357,0.23796653838653967,0.494622791263848
NYUv2,nyu654/nyu_nyu_test_0442,depth_boundary,7570,0.04163809039801123,0.1146255351278237,0.24695887218495238
NYUv2,nyu654/nyu_nyu_test_0443,full,89523,0.010202785524860248,0.03230641480192505,0.06708784151097631
NYUv2,nyu654/nyu_nyu_test_0443,sensor_hole,6062,0.046726851220526146,0.1432424107230327,0.2004698405763364
NYUv2,nyu654/nyu_nyu_test_0443,depth_boundary,10833,0.025933327719881796,0.07906474649416469,0.1313812516401944
NYUv2,nyu654/nyu_nyu_test_0444,full,89523,0.02182786315160814,0.05787831156513451,0.14741911571161337
NYUv2,nyu654/nyu_nyu_test_0444,sensor_hole,6710,0.09317773590089197,0.23862434281855155,0.4053386002976106
NYUv2,nyu654/nyu_nyu_test_0444,depth_boundary,14794,0.0677373893530792,0.16123730011915893,0.31593559654879844
NYUv2,nyu654/nyu_nyu_test_0445,full,89523,0.05269527655176409,0.10566910961955477,0.24486418484537387
NYUv2,nyu654/nyu_nyu_test_0445,sensor_hole,12717,0.27094044599175837,0.4911821549199536,0.6225321657321689
NYUv2,nyu654/nyu_nyu_test_0445,depth_boundary,12730,0.05443462075702097,0.11355717608241331,0.19295918118797575
NYUv2,nyu654/nyu_nyu_test_0446,full,89523,0.019543180009035235,0.05780243629246643,0.14978563768705372
NYUv2,nyu654/nyu_nyu_test_0446,sensor_hole,14145,0.051861191401407956,0.1542790456979508,0.30634085783724435
NYUv2,nyu654/nyu_nyu_test_0446,depth_boundary,12606,0.07169700162139221,0.19939692107794796,0.35990656361132944
NYUv2,nyu654/nyu_nyu_test_0447,full,89523,0.009686369033946625,0.029937176709040725,0.06100890471724894
NYUv2,nyu654/nyu_nyu_test_0447,sensor_hole,437,0.06363693709250934,0.191183466660349,0.2715117964607189
NYUv2,nyu654/nyu_nyu_test_0447,depth_boundary,8438,0.033356591852895336,0.09656848874129399,0.1708610611807639
NYUv2,nyu654/nyu_nyu_test_0448,full,89523,0.09810523607207146,0.2073318505197154,0.3059038138254821
NYUv2,nyu654/nyu_nyu_test_0448,sensor_hole,33664,0.1962476418768994,0.3114366401553494,0.41023148310661395
NYUv2,nyu654/nyu_nyu_test_0448,depth_boundary,16651,0.11283654689683262,0.28634791256507863,0.44535736899926776
NYUv2,nyu654/nyu_nyu_test_0449,full,89523,0.02149905309881419,0.07235565084930788,0.1432417217795588
NYUv2,nyu654/nyu_nyu_test_0449,sensor_hole,17638,0.05072570984107503,0.15758682138079863,0.2574828183604802
NYUv2,nyu654/nyu_nyu_test_0449,depth_boundary,13407,0.0513067043705995,0.17984412362344884,0.28793011284554454
NYUv2,nyu654/nyu_nyu_test_0450,full,89523,0.008881340891155715,0.021925707809269106,0.04067106111777737
NYUv2,nyu654/nyu_nyu_test_0450,sensor_hole,4415,0.027889624010776878,0.0673031189163571,0.10020994351402947
NYUv2,nyu654/nyu_nyu_test_0450,depth_boundary,9294,0.025538586206738687,0.059584344705766776,0.09527535475755873
NYUv2,nyu654/nyu_nyu_test_0451,full,89523,0.025012891743694834,0.06913364498962787,0.19101029891803442
NYUv2,nyu654/nyu_nyu_test_0451,sensor_hole,14185,0.07796244793348249,0.22710795543712337,0.4257350977957315
NYUv2,nyu654/nyu_nyu_test_0451,depth_boundary,11566,0.07492046483486962,0.19700676890242455,0.3435750226933758
NYUv2,nyu654/nyu_nyu_test_0452,full,89523,0.017269884883917248,0.04161395293416206,0.09223352059775829
NYUv2,nyu654/nyu_nyu_test_0452,sensor_hole,5830,0.07325557235011634,0.18918734842058316,0.27189141406751827
NYUv2,nyu654/nyu_nyu_test_0452,depth_boundary,8547,0.04980447389431363,0.11198147064735418,0.18927303366612655
NYUv2,nyu654/nyu_nyu_test_0453,full,89523,0.023251849466529643,0.07128574779184585,0.12641431105578077
NYUv2,nyu654/nyu_nyu_test_0453,sensor_hole,13441,0.04965638617324345,0.14619598100160738,0.22921376292863335
NYUv2,nyu654/nyu_nyu_test_0453,depth_boundary,14917,0.04569186635806758,0.1299605049627943,0.2251591016140315
NYUv2,nyu654/nyu_nyu_test_0454,full,89523,0.023671265773075826,0.06104424973842242,0.15070969702025402
NYUv2,nyu654/nyu_nyu_test_0454,sensor_hole,17584,0.07134640495677164,0.18829231198073734,0.31180954939739686
NYUv2,nyu654/nyu_nyu_test_0454,depth_boundary,10829,0.06332671547820151,0.16158581599049626,0.263690071301221
NYUv2,nyu654/nyu_nyu_test_0455,full,89523,0.022648831440323553,0.05115021606587975,0.10332811367829606
NYUv2,nyu654/nyu_nyu_test_0455,sensor_hole,2076,0.07816974197025349,0.16906341146641843,0.3043418910526753
NYUv2,nyu654/nyu_nyu_test_0455,depth_boundary,11838,0.05330904785484694,0.11382711563063627,0.21856720132060195
NYUv2,nyu654/nyu_nyu_test_0456,full,89523,0.010707587606239724,0.028283568941984773,0.057833906464285795
NYUv2,nyu654/nyu_nyu_test_0456,sensor_hole,1573,0.03755292747059212,0.09688372689299878,0.15410239523247082
NYUv2,nyu654/nyu_nyu_test_0456,depth_boundary,12208,0.030985079067538203,0.08235619954403543,0.13440094612125125
NYUv2,nyu654/nyu_nyu_test_0457,full,89523,0.014784642259992944,0.0328508177195933,0.08541098135975689
NYUv2,nyu654/nyu_nyu_test_0457,sensor_hole,3334,0.09954324824432403,0.16615120650911017,0.3173836345861038
NYUv2,nyu654/nyu_nyu_test_0457,depth_boundary,7597,0.07633010907192245,0.14216966563594235,0.27245700761285085
NYUv2,nyu654/nyu_nyu_test_0458,full,89523,0.014187063890109625,0.03750849217694099,0.07975835821035362
NYUv2,nyu654/nyu_nyu_test_0458,sensor_hole,3673,0.056027028009109164,0.14458570498521797,0.22557114937831427
NYUv2,nyu654/nyu_nyu_test_0458,depth_boundary,17786,0.023854933105570415,0.06323795241257558,0.12180570646927374
NYUv2,nyu654/nyu_nyu_test_0459,full,89523,0.016627002109249847,0.048611984561542504,0.1779077574691527
NYUv2,nyu654/nyu_nyu_test_0459,sensor_hole,3882,0.10231410812120943,0.32232122885572856,0.5236441509664389
NYUv2,nyu654/nyu_nyu_test_0459,depth_boundary,8837,0.0535700014946423,0.15779082077289042,0.3431203700635426
NYUv2,nyu654/nyu_nyu_test_0460,full,89523,0.007572718251368317,0.017012017510640187,0.03710307847899115
NYUv2,nyu654/nyu_nyu_test_0460,sensor_hole,777,0.021685196051953466,0.039584205264136904,0.08504556089311445
NYUv2,nyu654/nyu_nyu_test_0460,depth_boundary,5250,0.02768761964314741,0.06871254522459848,0.1250565707604677
NYUv2,nyu654/nyu_nyu_test_0461,full,89523,0.009020814792108643,0.02849568285142635,0.049104806701003485
NYUv2,nyu654/nyu_nyu_test_0461,sensor_hole,4045,0.02250175213904568,0.07306214472272045,0.12001227388076428
NYUv2,nyu654/nyu_nyu_test_0461,depth_boundary,8524,0.02225010366579456,0.06482634871345011,0.09999669111506881
NYUv2,nyu654/nyu_nyu_test_0462,full,89523,0.01321826130888914,0.042882778542214596,0.06943239076441692
NYUv2,nyu654/nyu_nyu_test_0462,sensor_hole,7639,0.024389565427594045,0.07278140751631071,0.11124914192894048
NYUv2,nyu654/nyu_nyu_test_0462,depth_boundary,10680,0.029550790170858543,0.0869731003425541,0.13958195998927866
NYUv2,nyu654/nyu_nyu_test_0463,full,89523,0.010531747441982302,0.027876559911133712,0.05502278332545671
NYUv2,nyu654/nyu_nyu_test_0463,sensor_hole,290,0.053773821784493615,0.12406531058508774,0.21082081564294447
NYUv2,nyu654/nyu_nyu_test_0463,depth_boundary,9464,0.028646971460850185,0.06998494501750749,0.12741397888286202
NYUv2,nyu654/nyu_nyu_test_0464,full,89523,0.013194192445742539,0.041617562853855775,0.0895715767274923
NYUv2,nyu654/nyu_nyu_test_0464,sensor_hole,1607,0.05866105066440654,0.14709975130452677,0.24941423401023421
NYUv2,nyu654/nyu_nyu_test_0464,depth_boundary,12171,0.03731149231042907,0.10877350352508022,0.20899233467767922
NYUv2,nyu654/nyu_nyu_test_0465,full,89523,0.014664418529948594,0.03693535069500078,0.07333658710602785
NYUv2,nyu654/nyu_nyu_test_0465,sensor_hole,1726,0.09067357081269893,0.16194834728506183,0.25319476508158234
NYUv2,nyu654/nyu_nyu_test_0465,depth_boundary,10164,0.050038874521152236,0.11157330351638681,0.18047578438345957
NYUv2,nyu654/nyu_nyu_test_0466,full,89523,0.015880584523900922,0.0480025008873591,0.09058941800249444
NYUv2,nyu654/nyu_nyu_test_0466,sensor_hole,4272,0.05903882229928996,0.18306873456927275,0.23882856388220672
NYUv2,nyu654/nyu_nyu_test_0466,depth_boundary,18299,0.02892630663158988,0.08803940246688766,0.14470003124428246
NYUv2,nyu654/nyu_nyu_test_0467,full,89523,0.010648137324041653,0.027870732632473576,0.06329311779042017
NYUv2,nyu654/nyu_nyu_test_0467,sensor_hole,1210,0.04799378118195853,0.13271515655123498,0.21530493821857657
NYUv2,nyu654/nyu_nyu_test_0467,depth_boundary,9273,0.03479243375445008,0.09556695792225846,0.1642029466810471
NYUv2,nyu654/nyu_nyu_test_0468,full,89523,0.015357582178821905,0.038398671300412586,0.09933703503534333
NYUv2,nyu654/nyu_nyu_test_0468,sensor_hole,3377,0.06636620711553974,0.1675044665648664,0.27254364514295226
NYUv2,nyu654/nyu_nyu_test_0468,depth_boundary,14244,0.04868167630620902,0.10783588660295611,0.22554317814334313
NYUv2,nyu654/nyu_nyu_test_0469,full,89523,0.008414969650801477,0.030868674542204728,0.059354852838971094
NYUv2,nyu654/nyu_nyu_test_0469,sensor_hole,6578,0.019921886732247145,0.07405876990109818,0.12956302820087784
NYUv2,nyu654/nyu_nyu_test_0469,depth_boundary,8618,0.0212627006566384,0.07683283018661945,0.14230295704520066
NYUv2,nyu654/nyu_nyu_test_0470,full,89523,0.018039484649946723,0.06893750032721267,0.11380055418678606
NYUv2,nyu654/nyu_nyu_test_0470,sensor_hole,16068,0.040012303582920954,0.1254925530349137,0.18874153173241326
NYUv2,nyu654/nyu_nyu_test_0470,depth_boundary,10398,0.03595004860995747,0.13347012618569876,0.21450003894982259
NYUv2,nyu654/nyu_nyu_test_0471,full,89523,0.008858959810684979,0.02250058672103033,0.044055389549569064
NYUv2,nyu654/nyu_nyu_test_0471,sensor_hole,1043,0.05088252933385748,0.12234853703817951,0.19498075348001226
NYUv2,nyu654/nyu_nyu_test_0471,depth_boundary,7560,0.026992015988562743,0.0618928782838993,0.1207536382230746
NYUv2,nyu654/nyu_nyu_test_0472,full,89523,0.010854582693447131,0.03876160825490512,0.07273328416262984
NYUv2,nyu654/nyu_nyu_test_0472,sensor_hole,9356,0.030624442814107655,0.11000259008454481,0.1679208757780626
NYUv2,nyu654/nyu_nyu_test_0472,depth_boundary,8547,0.027263004936667924,0.09288879086347272,0.1596984818181003
NYUv2,nyu654/nyu_nyu_test_0473,full,89523,0.012483698937999292,0.02591978076550332,0.04940224743266382
NYUv2,nyu654/nyu_nyu_test_0473,sensor_hole,8688,0.03535092373698274,0.0790033370640616,0.11143305134955316
NYUv2,nyu654/nyu_nyu_test_0473,depth_boundary,8596,0.03394171336002181,0.06920838212484312,0.10552045373097049
NYUv2,nyu654/nyu_nyu_test_0474,full,89523,0.01438735628959587,0.028962357881426773,0.06714071912072032
NYUv2,nyu654/nyu_nyu_test_0474,sensor_hole,7281,0.04560725174582531,0.09436861780413133,0.1589145670264557
NYUv2,nyu654/nyu_nyu_test_0474,depth_boundary,8792,0.053689236061515634,0.1027430946158213,0.1652950159789128
NYUv2,nyu654/nyu_nyu_test_0475,full,89523,0.010016341362745991,0.02650485200760409,0.04675889484660635
NYUv2,nyu654/nyu_nyu_test_0475,sensor_hole,2047,0.031209850987212746,0.06202847350790958,0.14104681092259225
NYUv2,nyu654/nyu_nyu_test_0475,depth_boundary,7201,0.02872389275384989,0.06688751751905414,0.1197735838956844
NYUv2,nyu654/nyu_nyu_test_0476,full,89523,0.009337710470979345,0.030274079211183816,0.06934542248688935
NYUv2,nyu654/nyu_nyu_test_0476,sensor_hole,2475,0.05854863991540965,0.17064695811030842,0.22056303067074348
NYUv2,nyu654/nyu_nyu_test_0476,depth_boundary,6983,0.02981653066553169,0.09679031580340874,0.17346924591910032
NYUv2,nyu654/nyu_nyu_test_0477,full,89523,0.015158780013639135,0.04428438322554458,0.11839803038913527
NYUv2,nyu654/nyu_nyu_test_0477,sensor_hole,2543,0.1306796460449927,0.33116043978116194,0.5202396774297603
NYUv2,nyu654/nyu_nyu_test_0477,depth_boundary,9476,0.05844802768634156,0.16387044692804362,0.3071559022494994
NYUv2,nyu654/nyu_nyu_test_0478,full,89523,0.0073374128869802616,0.015144667522041421,0.029106778404311258
NYUv2,nyu654/nyu_nyu_test_0478,sensor_hole,2302,0.025933789588122487,0.048613281378427034,0.06985720965282065
NYUv2,nyu654/nyu_nyu_test_0478,depth_boundary,6267,0.026929587513258496,0.0532860982469419,0.08229919418130408
NYUv2,nyu654/nyu_nyu_test_0479,full,89523,0.010810672808397738,0.03705141471982616,0.0705400810968252
NYUv2,nyu654/nyu_nyu_test_0479,sensor_hole,2440,0.04702672404138468,0.1375685111909616,0.2226255937456137
NYUv2,nyu654/nyu_nyu_test_0479,depth_boundary,9259,0.033673375679737716,0.10373142869236376,0.1784916100610636
NYUv2,nyu654/nyu_nyu_test_0480,full,89523,0.01630123856709491,0.036059340241354224,0.10281220786867784
NYUv2,nyu654/nyu_nyu_test_0480,sensor_hole,5458,0.10078720483621581,0.18895143109959706,0.3530733425011318
NYUv2,nyu654/nyu_nyu_test_0480,depth_boundary,12427,0.05801312984106547,0.12363016387621434,0.24734449018969695
NYUv2,nyu654/nyu_nyu_test_0481,full,89523,0.013828441540835562,0.04422953840877245,0.09283866221668265
NYUv2,nyu654/nyu_nyu_test_0481,sensor_hole,2870,0.11638978197522722,0.29008253679873636,0.42695449975014954
NYUv2,nyu654/nyu_nyu_test_0481,depth_boundary,7935,0.0398411682618949,0.10951428305223894,0.20178127251005992
NYUv2,nyu654/nyu_nyu_test_0482,full,89523,0.01984371222965527,0.06631307598839387,0.21753172326589534
NYUv2,nyu654/nyu_nyu_test_0482,sensor_hole,3824,0.11963726690584828,0.3345665745904755,0.5963129706135885
NYUv2,nyu654/nyu_nyu_test_0482,depth_boundary,8857,0.09034403700405608,0.2760814869257132,0.5893297774792549
NYUv2,nyu654/nyu_nyu_test_0483,full,89523,0.01173125747360189,0.031004314954024413,0.05198737036396944
NYUv2,nyu654/nyu_nyu_test_0483,sensor_hole,674,0.07779579832057178,0.16551495730346316,0.2347632597300191
NYUv2,nyu654/nyu_nyu_test_0483,depth_boundary,8409,0.0303835327461655,0.06859433523382921,0.12420388574427664
NYUv2,nyu654/nyu_nyu_test_0484,full,89523,0.00632871357324546,0.01747262573750328,0.035757183099994094
NYUv2,nyu654/nyu_nyu_test_0484,sensor_hole,314,0.021002290886274304,0.058912213440913304,0.08237502506021116
NYUv2,nyu654/nyu_nyu_test_0484,depth_boundary,3916,0.025436192393017528,0.07225353630740991,0.12906963525497467
NYUv2,nyu654/nyu_nyu_test_0485,full,89523,0.005792970023085352,0.012946994300688798,0.02521778647485979
NYUv2,nyu654/nyu_nyu_test_0485,sensor_hole,316,0.03707599745034578,0.07695633587957937,0.1082016465058879
NYUv2,nyu654/nyu_nyu_test_0485,depth_boundary,3989,0.025670091290405365,0.05946353615062462,0.08884665359511351
NYUv2,nyu654/nyu_nyu_test_0486,full,89523,0.034227828061082134,0.06400922948262709,0.16946350287882475
NYUv2,nyu654/nyu_nyu_test_0486,sensor_hole,8173,0.23361437486191003,0.3521848489790991,0.5329545654148069
NYUv2,nyu654/nyu_nyu_test_0486,depth_boundary,11074,0.09562339206469209,0.1625731128345484,0.30920135931157594
NYUv2,nyu654/nyu_nyu_test_0487,full,89523,0.020056121887350994,0.06565314453427391,0.18572742713944154
NYUv2,nyu654/nyu_nyu_test_0487,sensor_hole,3247,0.18961761917419664,0.47755852041517655,0.7607361356213016
NYUv2,nyu654/nyu_nyu_test_0487,depth_boundary,13792,0.04795692121031878,0.16701247767391864,0.37053061249175384
NYUv2,nyu654/nyu_nyu_test_0488,full,89523,0.016381942327424365,0.06176125595794199,0.22251317868106693
NYUv2,nyu654/nyu_nyu_test_0488,sensor_hole,4891,0.10789490054082818,0.3479246330563458,0.6402919947064489
NYUv2,nyu654/nyu_nyu_test_0488,depth_boundary,15197,0.053226052024820246,0.20798835226004866,0.47461518995129315
NYUv2,nyu654/nyu_nyu_test_0489,full,89523,0.00914403329217699,0.025422889750635235,0.05491943636165693
NYUv2,nyu654/nyu_nyu_test_0489,sensor_hole,1303,0.041651359849958026,0.1246093202350877,0.18856445524868568
NYUv2,nyu654/nyu_nyu_test_0489,depth_boundary,8897,0.02701810353552256,0.07241047452350165,0.13855769971997706
NYUv2,nyu654/nyu_nyu_test_0490,full,89523,0.008773472589245448,0.023857326447006957,0.06012715745754518
NYUv2,nyu654/nyu_nyu_test_0490,sensor_hole,529,0.040564752938465766,0.11458265871541937,0.205228546089575
NYUv2,nyu654/nyu_nyu_test_0490,depth_boundary,6140,0.0374972625352552,0.10272097812801696,0.20776922032287468
NYUv2,nyu654/nyu_nyu_test_0491,full,89523,0.012264038134174563,0.01899527904794865,0.03869940291731475
NYUv2,nyu654/nyu_nyu_test_0491,sensor_hole,2618,0.07327075654682236,0.09108772024660278,0.12774959188823268
NYUv2,nyu654/nyu_nyu_test_0491,depth_boundary,9455,0.04513074496730335,0.0642366994946549,0.10106698227572233
NYUv2,nyu654/nyu_nyu_test_0492,full,89523,0.018410993830982075,0.07401623513153871,0.18709772934921434
NYUv2,nyu654/nyu_nyu_test_0492,sensor_hole,7377,0.08990141869528477,0.33165062252738636,0.5347509843601831
NYUv2,nyu654/nyu_nyu_test_0492,depth_boundary,12386,0.057499094618524135,0.2112295724416653,0.4063543626129196
NYUv2,nyu654/nyu_nyu_test_0493,full,89523,0.008553629315798238,0.029922108231657384,0.06841863212256008
NYUv2,nyu654/nyu_nyu_test_0493,sensor_hole,1253,0.030377501321756102,0.10437194557068163,0.20042013691458557
NYUv2,nyu654/nyu_nyu_test_0493,depth_boundary,8013,0.026146730317080386,0.09156934765413818,0.19643925088512973
NYUv2,nyu654/nyu_nyu_test_0494,full,89523,0.00818113924469805,0.022008509241130993,0.05849255280849634
NYUv2,nyu654/nyu_nyu_test_0494,sensor_hole,1291,0.031349425614708874,0.08380541904872005,0.1321619131516578
NYUv2,nyu654/nyu_nyu_test_0494,depth_boundary,7563,0.03919240035425262,0.1105835703840083,0.18357230144558154
NYUv2,nyu654/nyu_nyu_test_0495,full,89523,0.008897835951830408,0.017445151905188798,0.03625583494953287
NYUv2,nyu654/nyu_nyu_test_0495,sensor_hole,1974,0.039839695167027483,0.06484280075224941,0.17150031667772977
NYUv2,nyu654/nyu_nyu_test_0495,depth_boundary,3641,0.03332071639158596,0.07093269793550512,0.1416345077185908
NYUv2,nyu654/nyu_nyu_test_0496,full,89523,0.007570694861349258,0.016115233423126013,0.0363380334763718
NYUv2,nyu654/nyu_nyu_test_0496,sensor_hole,802,0.03009888874863626,0.06459511485777591,0.10236298721963741
NYUv2,nyu654/nyu_nyu_test_0496,depth_boundary,8825,0.02816307863763041,0.059746313324731064,0.09954477955020564
NYUv2,nyu654/nyu_nyu_test_0497,full,89523,0.013921819035630886,0.025381287978303024,0.05652548833897482
NYUv2,nyu654/nyu_nyu_test_0497,sensor_hole,3994,0.05697022202161955,0.09949467208424866,0.17118628876890848
NYUv2,nyu654/nyu_nyu_test_0497,depth_boundary,10172,0.044368326187555734,0.08023389471336655,0.1306561767569689
NYUv2,nyu654/nyu_nyu_test_0498,full,89523,0.011006363230374072,0.02330727455926874,0.04525336711200928
NYUv2,nyu654/nyu_nyu_test_0498,sensor_hole,4024,0.0336762280100067,0.07051870114286661,0.1164176008797957
NYUv2,nyu654/nyu_nyu_test_0498,depth_boundary,10609,0.03027781584843337,0.06505921013068272,0.10745804142323306
NYUv2,nyu654/nyu_nyu_test_0499,full,89523,0.007260330816434454,0.017866465881672098,0.04935723637076535
NYUv2,nyu654/nyu_nyu_test_0499,sensor_hole,1143,0.030441126193996054,0.08237161212914468,0.14683729167993465
NYUv2,nyu654/nyu_nyu_test_0499,depth_boundary,6576,0.038292586427864324,0.09416839409701146,0.16326614630910952
NYUv2,nyu654/nyu_nyu_test_0500,full,89523,0.007095749371696202,0.013320277467811626,0.03246250425836094
NYUv2,nyu654/nyu_nyu_test_0500,sensor_hole,1130,0.032837899159571554,0.04975297240029394,0.08895708452129476
NYUv2,nyu654/nyu_nyu_test_0500,depth_boundary,7090,0.029537271122513153,0.056104898368690176,0.09751868933612635
NYUv2,nyu654/nyu_nyu_test_0501,full,89523,0.012245174643024994,0.02892548846142257,0.04532127915292342
NYUv2,nyu654/nyu_nyu_test_0501,sensor_hole,7487,0.02286712244084601,0.05980458498574297,0.0830850873132974
NYUv2,nyu654/nyu_nyu_test_0501,depth_boundary,8723,0.02950967541863222,0.06504709455762778,0.09690616586490425
NYUv2,nyu654/nyu_nyu_test_0502,full,89523,0.008581259873881072,0.020062935144195552,0.03302762621871907
NYUv2,nyu654/nyu_nyu_test_0502,sensor_hole,1419,0.022380541942980756,0.0521527053269809,0.07440429100663098
NYUv2,nyu654/nyu_nyu_test_0502,depth_boundary,6763,0.021607598272232333,0.05039778361037763,0.07547903861690114
NYUv2,nyu654/nyu_nyu_test_0503,full,89523,0.00810698195138611,0.015980307775015523,0.03572888498156634
NYUv2,nyu654/nyu_nyu_test_0503,sensor_hole,1496,0.0413954508495721,0.07175651822179396,0.14287606294827218
NYUv2,nyu654/nyu_nyu_test_0503,depth_boundary,3753,0.04591443421788502,0.08347513991421202,0.14720682534119217
NYUv2,nyu654/nyu_nyu_test_0504,full,89523,0.011553911318175786,0.04072553033706121,0.08431429203545707
NYUv2,nyu654/nyu_nyu_test_0504,sensor_hole,7654,0.04609034024528779,0.16179924599022288,0.2258478750625602
NYUv2,nyu654/nyu_nyu_test_0504,depth_boundary,6331,0.04026400535876278,0.12538272239381978,0.21228871404769106
NYUv2,nyu654/nyu_nyu_test_0505,full,89523,0.011667900274909953,0.039293479654710486,0.07039166881243546
NYUv2,nyu654/nyu_nyu_test_0505,sensor_hole,13677,0.029876247046921073,0.1094851972084606,0.14537734481993864
NYUv2,nyu654/nyu_nyu_test_0505,depth_boundary,7640,0.025526283085289717,0.08106259739523783,0.13612199924859
NYUv2,nyu654/nyu_nyu_test_0506,full,89523,0.012048025572632523,0.03006732759586178,0.06349588969506076
NYUv2,nyu654/nyu_nyu_test_0506,sensor_hole,3643,0.06151732323834647,0.13074867826158648,0.20579345695842746
NYUv2,nyu654/nyu_nyu_test_0506,depth_boundary,7626,0.0519837263978004,0.10883043556741114,0.17860130281957423
NYUv2,nyu654/nyu_nyu_test_0507,full,89523,0.012265906870901904,0.03732610654598168,0.08929255824983767
NYUv2,nyu654/nyu_nyu_test_0507,sensor_hole,2804,0.09077279561105855,0.26823998943035,0.3535560269057985
NYUv2,nyu654/nyu_nyu_test_0507,depth_boundary,9930,0.036352996105476806,0.10445995705365414,0.20194923379014978
NYUv2,nyu654/nyu_nyu_test_0508,full,89523,0.008470803150846697,0.02330819054649565,0.04076461716320245
NYUv2,nyu654/nyu_nyu_test_0508,sensor_hole,1256,0.020438038452016114,0.05621583123875272,0.08579643964070405
NYUv2,nyu654/nyu_nyu_test_0508,depth_boundary,8045,0.02396200874647108,0.06636306300083253,0.09901253517878833
NYUv2,nyu654/nyu_nyu_test_0509,full,89523,0.007179416326722658,0.018678836625272408,0.04274479760691822
NYUv2,nyu654/nyu_nyu_test_0509,sensor_hole,3101,0.026685553072329383,0.08128340999298195,0.14085789327085022
NYUv2,nyu654/nyu_nyu_test_0509,depth_boundary,5580,0.025225977985559884,0.06995818431232138,0.1381193256193
NYUv2,nyu654/nyu_nyu_test_0510,full,89523,0.009675162702100027,0.02499628859787739,0.053613079343577
NYUv2,nyu654/nyu_nyu_test_0510,sensor_hole,2838,0.03578357295257959,0.09919987542264641,0.16327734736945138
NYUv2,nyu654/nyu_nyu_test_0510,depth_boundary,6837,0.03381821051310329,0.08638726547305933,0.15711854580705226
NYUv2,nyu654/nyu_nyu_test_0511,full,89523,0.014096167186763427,0.03193133864708454,0.11639503366960405
NYUv2,nyu654/nyu_nyu_test_0511,sensor_hole,1574,0.07871581349163585,0.17208593424878246,0.3043857563637268
NYUv2,nyu654/nyu_nyu_test_0511,depth_boundary,5038,0.06451423673529075,0.14436804916992127,0.2880667795486838
NYUv2,nyu654/nyu_nyu_test_0512,full,89523,0.009208859562186913,0.025599525046410092,0.06304670454291088
NYUv2,nyu654/nyu_nyu_test_0512,sensor_hole,545,0.064285048893764,0.18080255854020424,0.28581897133063855
NYUv2,nyu654/nyu_nyu_test_0512,depth_boundary,6942,0.03317285712682186,0.09073698529246492,0.19302819946962327
NYUv2,nyu654/nyu_nyu_test_0513,full,89523,0.01581080485026995,0.04129115063803004,0.09062178905999801
NYUv2,nyu654/nyu_nyu_test_0513,sensor_hole,5781,0.05823092878064486,0.14270330216723356,0.23329428692730367
NYUv2,nyu654/nyu_nyu_test_0513,depth_boundary,11181,0.05036208731091228,0.12749030410726342,0.2091979731098261
NYUv2,nyu654/nyu_nyu_test_0514,full,89523,0.00977129005742997,0.03559480531924375,0.115785712264265
NYUv2,nyu654/nyu_nyu_test_0514,sensor_hole,5318,0.05380743050325396,0.29737789882399523,0.42379600933406153
NYUv2,nyu654/nyu_nyu_test_0514,depth_boundary,6718,0.037589003836662374,0.1619966231523862,0.3193835005935262
NYUv2,nyu654/nyu_nyu_test_0515,full,89523,0.025450237131697997,0.07751665874318127,0.2508663308043541
NYUv2,nyu654/nyu_nyu_test_0515,sensor_hole,7987,0.10860723311274179,0.3287634517308602,0.5783262699484386
NYUv2,nyu654/nyu_nyu_test_0515,depth_boundary,8836,0.10291859323796992,0.3150183625111163,0.5862273696093776
NYUv2,nyu654/nyu_nyu_test_0516,full,89523,0.011005981659619397,0.03024225308995967,0.052886891481977207
NYUv2,nyu654/nyu_nyu_test_0516,sensor_hole,2131,0.0283625117564702,0.06756402524856825,0.10895434493717783
NYUv2,nyu654/nyu_nyu_test_0516,depth_boundary,7973,0.03071648248393204,0.07726912537049309,0.13825240404397207
NYUv2,nyu654/nyu_nyu_test_0517,full,89523,0.004974219870446842,0.015090270955527731,0.03047601784767346
NYUv2,nyu654/nyu_nyu_test_0517,sensor_hole,655,0.030853168651241446,0.1004086057648404,0.15057254252022098
NYUv2,nyu654/nyu_nyu_test_0517,depth_boundary,2675,0.022216586637395116,0.07054522104352434,0.13201001865123485
NYUv2,nyu654/nyu_nyu_test_0518,full,89523,0.006418926372276366,0.020836661043946155,0.04518969631106892
NYUv2,nyu654/nyu_nyu_test_0518,sensor_hole,322,0.04047173815745336,0.11430519189893829,0.16395861050169439
NYUv2,nyu654/nyu_nyu_test_0518,depth_boundary,6983,0.02421658762945863,0.07572497844218047,0.13256667691318222
NYUv2,nyu654/nyu_nyu_test_0519,full,89523,0.009632597930336221,0.03243051312113384,0.06094618744895116
NYUv2,nyu654/nyu_nyu_test_0519,sensor_hole,2186,0.033823110854847085,0.08832471226729718,0.17367550325690218
NYUv2,nyu654/nyu_nyu_test_0519,depth_boundary,7255,0.028787343993140552,0.09082812566251117,0.16916058268904816
NYUv2,nyu654/nyu_nyu_test_0520,full,89523,0.0078064643030190456,0.027686831467049613,0.061996099092622416
NYUv2,nyu654/nyu_nyu_test_0520,sensor_hole,1780,0.026870855607407207,0.09941230503360877,0.15731911402979107
NYUv2,nyu654/nyu_nyu_test_0520,depth_boundary,7176,0.027854115435379637,0.10618976695481751,0.18666293832690153
NYUv2,nyu654/nyu_nyu_test_0521,full,89523,0.00921753082257994,0.024860330128834058,0.0496365684480463
NYUv2,nyu654/nyu_nyu_test_0521,sensor_hole,2022,0.03221289721899887,0.09555105904797065,0.150211940349359
NYUv2,nyu654/nyu_nyu_test_0521,depth_boundary,9996,0.026898685586914713,0.07239690841603823,0.12069411399648997
NYUv2,nyu654/nyu_nyu_test_0522,full,89523,0.010712765009662771,0.020328825015574734,0.046908967259288864
NYUv2,nyu654/nyu_nyu_test_0522,sensor_hole,3387,0.06074540462607776,0.08932977378069211,0.15820993063135863
NYUv2,nyu654/nyu_nyu_test_0522,depth_boundary,7312,0.04076743849289006,0.08140038122592139,0.13680990942147675
NYUv2,nyu654/nyu_nyu_test_0523,full,89523,0.034083918526164145,0.06223313971935645,0.15434395339763926
NYUv2,nyu654/nyu_nyu_test_0523,sensor_hole,9896,0.17236589697083324,0.23550501191746157,0.38093651461389055
NYUv2,nyu654/nyu_nyu_test_0523,depth_boundary,17500,0.09967008007928357,0.17176552800451006,0.2917180010532452
NYUv2,nyu654/nyu_nyu_test_0524,full,89523,0.006404029981895282,0.017063758179991322,0.034124688522976836
NYUv2,nyu654/nyu_nyu_test_0524,sensor_hole,2096,0.02764417986975724,0.07544260170623546,0.11134577083071931
NYUv2,nyu654/nyu_nyu_test_0524,depth_boundary,5327,0.02435174393628546,0.06579637339487966,0.10359184512814672
NYUv2,nyu654/nyu_nyu_test_0525,full,89523,0.01032761819798325,0.024458278251229846,0.0572171723770861
NYUv2,nyu654/nyu_nyu_test_0525,sensor_hole,3596,0.04140690581877433,0.10186867805423673,0.1520622575940417
NYUv2,nyu654/nyu_nyu_test_0525,depth_boundary,11112,0.03567774604079839,0.08567143049791101,0.1390981376634011
NYUv2,nyu654/nyu_nyu_test_0526,full,89523,0.03532140445794612,0.18461931602429918,0.4378082251758077
NYUv2,nyu654/nyu_nyu_test_0526,sensor_hole,19348,0.11042933474622904,0.6287247757293578,0.8948091067522588
NYUv2,nyu654/nyu_nyu_test_0526,depth_boundary,17597,0.052997585789186584,0.2387314773238626,0.45799881450114616
NYUv2,nyu654/nyu_nyu_test_0527,full,89523,0.03659825093680883,0.1419870246438488,0.39523406184569293
NYUv2,nyu654/nyu_nyu_test_0527,sensor_hole,23145,0.10853459301017676,0.41346063159613816,0.7432154952641569
NYUv2,nyu654/nyu_nyu_test_0527,depth_boundary,12005,0.09600982569634563,0.5023534576776673,0.9195192003567549
NYUv2,nyu654/nyu_nyu_test_0528,full,89523,0.047060590157556544,0.28099134309963264,0.6912872842138945
NYUv2,nyu654/nyu_nyu_test_0528,sensor_hole,30364,0.11929940464805573,0.7397828577237235,1.182608515430734
NYUv2,nyu654/nyu_nyu_test_0528,depth_boundary,13458,0.046862063174303664,0.2506281978787453,0.4620434928489612
NYUv2,nyu654/nyu_nyu_test_0529,full,89523,0.03656070706433649,0.11971602450479948,0.29645850129035023
NYUv2,nyu654/nyu_nyu_test_0529,sensor_hole,18899,0.10899955084952315,0.38060011073479394,0.5958741290608514
NYUv2,nyu654/nyu_nyu_test_0529,depth_boundary,10719,0.0985420794118648,0.3863993012112172,0.7049967183041692
NYUv2,nyu654/nyu_nyu_test_0530,full,89523,0.030741466212169343,0.14206627452892698,0.3754891043124927
NYUv2,nyu654/nyu_nyu_test_0530,sensor_hole,25457,0.08383940159173889,0.4094251949695264,0.6885785942694695
NYUv2,nyu654/nyu_nyu_test_0530,depth_boundary,17018,0.08129902096308203,0.3615953602918602,0.6736994913615632
NYUv2,nyu654/nyu_nyu_test_0531,full,89523,0.06044990076774287,0.2421816159989545,0.4941561297625836
NYUv2,nyu654/nyu_nyu_test_0531,sensor_hole,21389,0.20760976711881557,0.8699674069549822,0.9949379679635556
NYUv2,nyu654/nyu_nyu_test_0531,depth_boundary,12505,0.0676788029798654,0.2626758168574001,0.46395438462511085
NYUv2,nyu654/nyu_nyu_test_0532,full,89523,0.054387784970865924,0.1928528060811671,0.590570603531987
NYUv2,nyu654/nyu_nyu_test_0532,sensor_hole,26635,0.1403361422116683,0.522897825309119,1.0535417708826538
NYUv2,nyu654/nyu_nyu_test_0532,depth_boundary,17004,0.10629880746712025,0.4040011200756781,0.870569695078493
NYUv2,nyu654/nyu_nyu_test_0533,full,89523,0.042199650475980996,0.13499357571768106,0.37508234900537896
NYUv2,nyu654/nyu_nyu_test_0533,sensor_hole,11041,0.22561624336056021,0.7391849505859228,0.9812476292613803
NYUv2,nyu654/nyu_nyu_test_0533,depth_boundary,10772,0.12114874471374451,0.3860229526781655,0.6304213877255838
NYUv2,nyu654/nyu_nyu_test_0534,full,89523,0.08755119936079503,0.2940860879954808,0.5355870969195978
NYUv2,nyu654/nyu_nyu_test_0534,sensor_hole,25516,0.1960962097891923,0.7026579719405317,0.9062455524657177
NYUv2,nyu654/nyu_nyu_test_0534,depth_boundary,12453,0.15489888153124315,0.4568042064836913,0.650435028601673
NYUv2,nyu654/nyu_nyu_test_0535,full,89523,0.01007458967233003,0.03228370190817255,0.07801794950543944
NYUv2,nyu654/nyu_nyu_test_0535,sensor_hole,2334,0.045226493727299893,0.18813864951881468,0.3109984707400274
NYUv2,nyu654/nyu_nyu_test_0535,depth_boundary,7892,0.03413799199771318,0.10008837173145795,0.1580075491143001
NYUv2,nyu654/nyu_nyu_test_0536,full,89523,0.012346386099633035,0.04337766748871098,0.11842574774079079
NYUv2,nyu654/nyu_nyu_test_0536,sensor_hole,9468,0.0428693353333861,0.1838594473108341,0.32810024379672553
NYUv2,nyu654/nyu_nyu_test_0536,depth_boundary,9986,0.039187162876207604,0.1332480876044188,0.24858624720564818
NYUv2,nyu654/nyu_nyu_test_0537,full,89523,0.02900666600776877,0.08062816905923142,0.15957007507691226
NYUv2,nyu654/nyu_nyu_test_0537,sensor_hole,17408,0.08011163945409165,0.20310933058670558,0.3259135674633544
NYUv2,nyu654/nyu_nyu_test_0537,depth_boundary,9933,0.06672953000122397,0.18326813428408908,0.30538773601302877
NYUv2,nyu654/nyu_nyu_test_0538,full,89523,0.02695986126440386,0.17342388340422366,0.5594180409129811
NYUv2,nyu654/nyu_nyu_test_0538,sensor_hole,14593,0.08907201190926602,0.6154292860196467,1.0312135157980893
NYUv2,nyu654/nyu_nyu_test_0538,depth_boundary,12045,0.07699960135142281,0.5049635796291594,0.9912608605873636
NYUv2,nyu654/nyu_nyu_test_0539,full,89523,0.020615199437315938,0.09310163458141768,0.2562879905406511
NYUv2,nyu654/nyu_nyu_test_0539,sensor_hole,17503,0.05552489701613164,0.2818828356141384,0.5095467962565707
NYUv2,nyu654/nyu_nyu_test_0539,depth_boundary,14625,0.061456729028548866,0.27856294732216075,0.5459404299716957
NYUv2,nyu654/nyu_nyu_test_0540,full,89523,0.013954387310864918,0.045726479527969544,0.11505344060929155
NYUv2,nyu654/nyu_nyu_test_0540,sensor_hole,6248,0.0645088410369219,0.2318624418309953,0.3272495169905369
NYUv2,nyu654/nyu_nyu_test_0540,depth_boundary,7776,0.04619815495498846,0.15002690635836174,0.2549704939821327
NYUv2,nyu654/nyu_nyu_test_0541,full,89523,0.019567525433545018,0.08487227273493642,0.25168331024626556
NYUv2,nyu654/nyu_nyu_test_0541,sensor_hole,6748,0.10411836649805563,0.4798960088446922,0.6891417590061263
NYUv2,nyu654/nyu_nyu_test_0541,depth_boundary,15696,0.050596758036664066,0.2452936548963721,0.4959989199740798
NYUv2,nyu654/nyu_nyu_test_0542,full,89523,0.015747296976144194,0.0565259848326182,0.1823621879149514
NYUv2,nyu654/nyu_nyu_test_0542,sensor_hole,5211,0.07570949568124359,0.31024602062984474,0.5420888781056208
NYUv2,nyu654/nyu_nyu_test_0542,depth_boundary,14264,0.05581294052945806,0.19550506193117687,0.41614126202720536
NYUv2,nyu654/nyu_nyu_test_0543,full,89523,0.019589367952413207,0.06845541266713877,0.19034560150483212
NYUv2,nyu654/nyu_nyu_test_0543,sensor_hole,7953,0.08182480735103292,0.3395286351648439,0.5366061513373398
NYUv2,nyu654/nyu_nyu_test_0543,depth_boundary,15504,0.05899394372394997,0.19377723027124494,0.38405029231794663
NYUv2,nyu654/nyu_nyu_test_0544,full,89523,0.01508800447685,0.040822207640742944,0.09726103286603831
NYUv2,nyu654/nyu_nyu_test_0544,sensor_hole,6543,0.07915506274518987,0.17229666424584683,0.2544008317115368
NYUv2,nyu654/nyu_nyu_test_0544,depth_boundary,9976,0.052895974913257836,0.13692445227310193,0.22743543473685496
NYUv2,nyu654/nyu_nyu_test_0545,full,89523,0.015338875513455226,0.03663269272612051,0.09809496704112874
NYUv2,nyu654/nyu_nyu_test_0545,sensor_hole,7843,0.05390868001921803,0.11665175948446387,0.23033073132933987
NYUv2,nyu654/nyu_nyu_test_0545,depth_boundary,9607,0.05453274238178782,0.11701251442479307,0.21613630499115227
NYUv2,nyu654/nyu_nyu_test_0546,full,89523,0.017226648089877495,0.04408956754370466,0.13397803722485102
NYUv2,nyu654/nyu_nyu_test_0546,sensor_hole,8398,0.07188026164770855,0.18302746912387757,0.3422614183500561
NYUv2,nyu654/nyu_nyu_test_0546,depth_boundary,10209,0.06343689048095141,0.166366692200757,0.33705857298979947
NYUv2,nyu654/nyu_nyu_test_0547,full,89523,0.012932685387939069,0.034879224461215795,0.09677847860342964
NYUv2,nyu654/nyu_nyu_test_0547,sensor_hole,2510,0.08714953347923883,0.20273839700744448,0.3346075577391202
NYUv2,nyu654/nyu_nyu_test_0547,depth_boundary,11872,0.04424567033272684,0.11095407802983115,0.22523998277444487
NYUv2,nyu654/nyu_nyu_test_0548,full,89523,0.015333195208797383,0.06035069544287135,0.1216168808477399
NYUv2,nyu654/nyu_nyu_test_0548,sensor_hole,10726,0.05015301151866363,0.22179040779001385,0.29710011711641643
NYUv2,nyu654/nyu_nyu_test_0548,depth_boundary,11407,0.02746612054941389,0.11094551001985432,0.17016278757198408
NYUv2,nyu654/nyu_nyu_test_0549,full,89523,0.013509171421046634,0.05199436411272711,0.11663704305348416
NYUv2,nyu654/nyu_nyu_test_0549,sensor_hole,8469,0.056266527970607834,0.20996301124053407,0.3101503015707144
NYUv2,nyu654/nyu_nyu_test_0549,depth_boundary,12359,0.04359376853395196,0.1521664127021442,0.25918016185497633
NYUv2,nyu654/nyu_nyu_test_0550,full,89523,0.019326942402023574,0.03842055286307099,0.09024803158906379
NYUv2,nyu654/nyu_nyu_test_0550,sensor_hole,13264,0.056960505820462144,0.09943913601887097,0.18073906367915044
NYUv2,nyu654/nyu_nyu_test_0550,depth_boundary,11605,0.06655023700337327,0.1338475484367282,0.2307565639513495
NYUv2,nyu654/nyu_nyu_test_0551,full,89523,0.007717791079448352,0.030351785566130256,0.056329798291003486
NYUv2,nyu654/nyu_nyu_test_0551,sensor_hole,3168,0.026441350028940016,0.10808477370124875,0.17212801698462943
NYUv2,nyu654/nyu_nyu_test_0551,depth_boundary,6284,0.02458871912505606,0.09707805224090227,0.15257275850042093
NYUv2,nyu654/nyu_nyu_test_0552,full,89523,0.02733214181349694,0.11313383686554895,0.24131587467306628
NYUv2,nyu654/nyu_nyu_test_0552,sensor_hole,10605,0.093593249517568,0.36191023148100987,0.5410573357730215
NYUv2,nyu654/nyu_nyu_test_0552,depth_boundary,22703,0.03927178648521762,0.16122981722027344,0.3610966950834265
NYUv2,nyu654/nyu_nyu_test_0553,full,89523,0.015310364056267662,0.07733284149950988,0.2250075233400719
NYUv2,nyu654/nyu_nyu_test_0553,sensor_hole,5903,0.09306061376016644,0.5356491950332523,0.7589619660393805
NYUv2,nyu654/nyu_nyu_test_0553,depth_boundary,14143,0.05003996260034507,0.26047307095685773,0.48743019894939377
NYUv2,nyu654/nyu_nyu_test_0554,full,89523,0.029197875628285658,0.11755358788652953,0.311510991684294
NYUv2,nyu654/nyu_nyu_test_0554,sensor_hole,9962,0.13881327042525107,0.5085621202023147,0.707881740385858
NYUv2,nyu654/nyu_nyu_test_0554,depth_boundary,17623,0.06987811928268042,0.27920730825734924,0.5227172839381142
NYUv2,nyu654/nyu_nyu_test_0555,full,89523,0.01124147465027848,0.05049481858953935,0.17196966646281991
NYUv2,nyu654/nyu_nyu_test_0555,sensor_hole,2396,0.059156010193495694,0.3337750345816795,0.5936760805394078
NYUv2,nyu654/nyu_nyu_test_0555,depth_boundary,9766,0.049428230271724966,0.23661875605168167,0.495134966235763
NYUv2,nyu654/nyu_nyu_test_0556,full,89523,0.02178153549679927,0.07536750554428577,0.171853376749372
NYUv2,nyu654/nyu_nyu_test_0556,sensor_hole,18436,0.05434451846157321,0.18126791321835567,0.3313740753275779
NYUv2,nyu654/nyu_nyu_test_0556,depth_boundary,17397,0.05700315959927003,0.18471144791162514,0.34030737813326983
NYUv2,nyu654/nyu_nyu_test_0557,full,89523,0.024782268600425227,0.09436939716440314,0.21890070684189003
NYUv2,nyu654/nyu_nyu_test_0557,sensor_hole,18280,0.06053762176164044,0.22556202904009454,0.42416830947012235
NYUv2,nyu654/nyu_nyu_test_0557,depth_boundary,14301,0.0714479277140594,0.23674397754982612,0.44896049252367387
NYUv2,nyu654/nyu_nyu_test_0558,full,89523,0.019318698206222156,0.07328113583863922,0.18676028816473048
NYUv2,nyu654/nyu_nyu_test_0558,sensor_hole,13575,0.04784936000541673,0.19335448486370277,0.42521876579207635
NYUv2,nyu654/nyu_nyu_test_0558,depth_boundary,13478,0.05596500369904831,0.1816120249154147,0.3639063818969969
NYUv2,nyu654/nyu_nyu_test_0559,full,89523,0.01983771570999392,0.07839876628466153,0.1370666530938007
NYUv2,nyu654/nyu_nyu_test_0559,sensor_hole,13058,0.04381720150320945,0.16986636028919347,0.24677751391717032
NYUv2,nyu654/nyu_nyu_test_0559,depth_boundary,17215,0.037756890597563986,0.12374415348132198,0.22006013778221858
NYUv2,nyu654/nyu_nyu_test_0560,full,89523,0.0153719874569322,0.046882326546236044,0.09807100586240919
NYUv2,nyu654/nyu_nyu_test_0560,sensor_hole,7347,0.05734501540573449,0.1513745930465173,0.25008118816638186
NYUv2,nyu654/nyu_nyu_test_0560,depth_boundary,11957,0.049465891794154594,0.12572373828032926,0.22579314908513018
NYUv2,nyu654/nyu_nyu_test_0561,full,89523,0.019266655627585498,0.07123553890720305,0.15420922431764741
NYUv2,nyu654/nyu_nyu_test_0561,sensor_hole,11439,0.0582031885418846,0.18983460415784206,0.3153789261953916
NYUv2,nyu654/nyu_nyu_test_0561,depth_boundary,20170,0.04505164795894361,0.1502140750965389,0.2856907044306374
NYUv2,nyu654/nyu_nyu_test_0562,full,89523,0.008947058154018691,0.01937884696014136,0.047165997966594264
NYUv2,nyu654/nyu_nyu_test_0562,sensor_hole,909,0.04587245556226046,0.09519393635530546,0.15637040416972822
NYUv2,nyu654/nyu_nyu_test_0562,depth_boundary,7125,0.039062856486540974,0.08243659039547568,0.15050091129685356
NYUv2,nyu654/nyu_nyu_test_0563,full,89523,0.016571832252289646,0.0899673791880497,0.2958859118756043
NYUv2,nyu654/nyu_nyu_test_0563,sensor_hole,12797,0.06325672137346464,0.3530501711971268,0.6345340704155734
NYUv2,nyu654/nyu_nyu_test_0563,depth_boundary,12809,0.051233334471318004,0.3098259141549581,0.6263350721777535
NYUv2,nyu654/nyu_nyu_test_0564,full,89523,0.028909008753712273,0.11208082412307972,0.25341955798545124
NYUv2,nyu654/nyu_nyu_test_0564,sensor_hole,27319,0.05431325710825967,0.2139147508850846,0.4190925352154322
NYUv2,nyu654/nyu_nyu_test_0564,depth_boundary,20882,0.05681833928939811,0.20830929612145205,0.36807200269953727
NYUv2,nyu654/nyu_nyu_test_0565,full,89523,0.036017427562554674,0.17044879758107526,0.36726158239651285
NYUv2,nyu654/nyu_nyu_test_0565,sensor_hole,33166,0.0704511464293117,0.3328542873215734,0.5722325405966519
NYUv2,nyu654/nyu_nyu_test_0565,depth_boundary,28474,0.0635819551723763,0.3003610418344755,0.5277235341246299
NYUv2,nyu654/nyu_nyu_test_0566,full,89523,0.024126684371880827,0.10307430461993354,0.26230987174036313
NYUv2,nyu654/nyu_nyu_test_0566,sensor_hole,14515,0.06742429896273912,0.337089400146897,0.4982013473292729
NYUv2,nyu654/nyu_nyu_test_0566,depth_boundary,16404,0.06637031673072347,0.25334741456774323,0.4694442695288144
NYUv2,nyu654/nyu_nyu_test_0567,full,89523,0.037350566343459686,0.14127744803946857,0.29437383168833164
NYUv2,nyu654/nyu_nyu_test_0567,sensor_hole,16670,0.10567032228814033,0.38133259338394354,0.5428561783990521
NYUv2,nyu654/nyu_nyu_test_0567,depth_boundary,20631,0.08636616991737452,0.3018332843368881,0.5011468079513453
NYUv2,nyu654/nyu_nyu_test_0568,full,89523,0.020346331316131363,0.07559226330979711,0.14087026133142067
NYUv2,nyu654/nyu_nyu_test_0568,sensor_hole,21415,0.036343434539481474,0.15558812651098708,0.23735353171401616
NYUv2,nyu654/nyu_nyu_test_0568,depth_boundary,12530,0.0457447046514584,0.14862464435178568,0.23901230872999674
NYUv2,nyu654/nyu_nyu_test_0569,full,89523,0.023369459768399003,0.12223668409006665,0.2728789470169584
NYUv2,nyu654/nyu_nyu_test_0569,sensor_hole,17659,0.06955023137351614,0.37530099849440623,0.527433329035191
NYUv2,nyu654/nyu_nyu_test_0569,depth_boundary,11972,0.05064209819392277,0.274395458203592,0.4542807328246723
NYUv2,nyu654/nyu_nyu_test_0570,full,89523,0.012084702006828138,0.033442053621166264,0.05696893511489228
NYUv2,nyu654/nyu_nyu_test_0570,sensor_hole,2514,0.04621924745055488,0.11471198599966348,0.16514911127725793
NYUv2,nyu654/nyu_nyu_test_0570,depth_boundary,14076,0.027334592241473603,0.07426622056866207,0.11184654897616737
NYUv2,nyu654/nyu_nyu_test_0571,full,89523,0.015777685943457027,0.060387063345747144,0.11972716436050879
NYUv2,nyu654/nyu_nyu_test_0571,sensor_hole,5672,0.050107374518234084,0.1657071165288621,0.2716584570664537
NYUv2,nyu654/nyu_nyu_test_0571,depth_boundary,13046,0.04032483222382019,0.1280941507137573,0.2597119267264999
NYUv2,nyu654/nyu_nyu_test_0572,full,89523,0.013537409289289022,0.04215713556619016,0.09228485226900118
NYUv2,nyu654/nyu_nyu_test_0572,sensor_hole,5249,0.04541307294414221,0.11339967527669324,0.214527386792591
NYUv2,nyu654/nyu_nyu_test_0572,depth_boundary,13016,0.040707784998731796,0.11456806398584715,0.21269176857404246
NYUv2,nyu654/nyu_nyu_test_0573,full,89523,0.019792221763229,0.06751538698546186,0.1344750820570149
NYUv2,nyu654/nyu_nyu_test_0573,sensor_hole,18369,0.04093554362348283,0.1451230914989004,0.2498720037294931
NYUv2,nyu654/nyu_nyu_test_0573,depth_boundary,12221,0.047508089849258396,0.154539006400758,0.2522682283943974
NYUv2,nyu654/nyu_nyu_test_0574,full,89523,0.014207303359762918,0.052751597913344904,0.16233349101035127
NYUv2,nyu654/nyu_nyu_test_0574,sensor_hole,4010,0.10662210348170102,0.3628105940961481,0.6074782506831032
NYUv2,nyu654/nyu_nyu_test_0574,depth_boundary,12025,0.055317404459869955,0.19651559270593083,0.39362271444801517
NYUv2,nyu654/nyu_nyu_test_0575,full,89523,0.017936862031702163,0.05836825971848515,0.15870417611315468
NYUv2,nyu654/nyu_nyu_test_0575,sensor_hole,6188,0.08466703132674955,0.2832479186033386,0.44298522383759265
NYUv2,nyu654/nyu_nyu_test_0575,depth_boundary,12469,0.06197563985698881,0.20024314537800939,0.35977636446036265
NYUv2,nyu654/nyu_nyu_test_0576,full,89523,0.025670729765944835,0.10955345841172529,0.3404541406169365
NYUv2,nyu654/nyu_nyu_test_0576,sensor_hole,18538,0.060065023153155414,0.2510576215308903,0.5451367510889273
NYUv2,nyu654/nyu_nyu_test_0576,depth_boundary,16215,0.0655871913793698,0.2698567174593314,0.5974196545153723
NYUv2,nyu654/nyu_nyu_test_0577,full,89523,0.03320748466026795,0.16572478056611792,0.3604338532969896
NYUv2,nyu654/nyu_nyu_test_0577,sensor_hole,27207,0.06726272662475505,0.33560894302563476,0.5965070686950006
NYUv2,nyu654/nyu_nyu_test_0577,depth_boundary,25127,0.051025905009791026,0.2684992437988535,0.49700609799056333
NYUv2,nyu654/nyu_nyu_test_0578,full,89523,0.0177866220340637,0.07123802037873611,0.23562681494250956
NYUv2,nyu654/nyu_nyu_test_0578,sensor_hole,12670,0.05984263462091326,0.26198497709554297,0.5425408368653027
NYUv2,nyu654/nyu_nyu_test_0578,depth_boundary,15391,0.057429236168318354,0.24463036596933835,0.5360565161357126
NYUv2,nyu654/nyu_nyu_test_0579,full,89523,0.02169471391536429,0.050164932075343165,0.09656135550389154
NYUv2,nyu654/nyu_nyu_test_0579,sensor_hole,22635,0.04312063655996117,0.10425013147075629,0.1551529326927442
NYUv2,nyu654/nyu_nyu_test_0579,depth_boundary,11473,0.059044559655430005,0.12905474414823778,0.2137617322549534
NYUv2,nyu654/nyu_nyu_test_0580,full,89523,0.021844436875696933,0.09029323702268761,0.31959547020265267
NYUv2,nyu654/nyu_nyu_test_0580,sensor_hole,6509,0.14372751251802404,0.7244615415619127,1.0227965245442063
NYUv2,nyu654/nyu_nyu_test_0580,depth_boundary,13977,0.06246378362739424,0.2648083667536103,0.5817528363875873
NYUv2,nyu654/nyu_nyu_test_0581,full,89523,0.007000443033108913,0.018950030584311783,0.04743135326474764
NYUv2,nyu654/nyu_nyu_test_0581,sensor_hole,6124,0.03724753193921378,0.10312106987372635,0.1518801208515504
NYUv2,nyu654/nyu_nyu_test_0581,depth_boundary,4910,0.03483597440512561,0.0955724299560982,0.1463148062084732
NYUv2,nyu654/nyu_nyu_test_0582,full,89523,0.028618497655744608,0.11696837793711053,0.25008009417346744
NYUv2,nyu654/nyu_nyu_test_0582,sensor_hole,26912,0.060349678740566216,0.2667517531308812,0.43251546792781703
NYUv2,nyu654/nyu_nyu_test_0582,depth_boundary,13221,0.060889431719237115,0.21357373625127968,0.4134892434064943
NYUv2,nyu654/nyu_nyu_test_0583,full,89523,0.05063462320679882,0.21129877793158128,0.5832660636335415
NYUv2,nyu654/nyu_nyu_test_0583,sensor_hole,22693,0.17470248062266702,0.740468865214599,1.1531681301382637
NYUv2,nyu654/nyu_nyu_test_0583,depth_boundary,8867,0.07598389795859518,0.31617549819017027,0.6115279265497354
NYUv2,nyu654/nyu_nyu_test_0584,full,89523,0.029450592546985302,0.11580447280270995,0.19256101186230554
NYUv2,nyu654/nyu_nyu_test_0584,sensor_hole,25333,0.057793355246898506,0.19968181741471513,0.30210867936126984
NYUv2,nyu654/nyu_nyu_test_0584,depth_boundary,14055,0.051586727557392104,0.19608933005371962,0.31291027191823184
NYUv2,nyu654/nyu_nyu_test_0585,full,89523,0.014844544567676407,0.04639446311532155,0.10245042719955255
NYUv2,nyu654/nyu_nyu_test_0585,sensor_hole,4842,0.08467751960385707,0.24400076391971687,0.34692423536975947
NYUv2,nyu654/nyu_nyu_test_0585,depth_boundary,9304,0.04655036677483628,0.1217742594581991,0.21193280321722172
NYUv2,nyu654/nyu_nyu_test_0586,full,89523,0.034314105784010895,0.1810644298904073,0.4894741757718758
NYUv2,nyu654/nyu_nyu_test_0586,sensor_hole,19049,0.10966589679903042,0.5887316740856464,1.0117315382825856
NYUv2,nyu654/nyu_nyu_test_0586,depth_boundary,18709,0.06778236148667573,0.34476561570920683,0.6410612210864179
NYUv2,nyu654/nyu_nyu_test_0587,full,89523,0.03605191646614438,0.1223285419511133,0.2723332990463754
NYUv2,nyu654/nyu_nyu_test_0587,sensor_hole,20040,0.08509402896300805,0.26467686396040124,0.4517753841794077
NYUv2,nyu654/nyu_nyu_test_0587,depth_boundary,18242,0.08306560949568327,0.2529997937238317,0.46773611467412723
NYUv2,nyu654/nyu_nyu_test_0588,full,89523,0.018899962779704294,0.059596057882172926,0.21195501356572977
NYUv2,nyu654/nyu_nyu_test_0588,sensor_hole,5597,0.1086177302800399,0.341718451506499,0.6723263156875617
NYUv2,nyu654/nyu_nyu_test_0588,depth_boundary,13184,0.07215746846565864,0.21721199113260775,0.4717208390917891
NYUv2,nyu654/nyu_nyu_test_0589,full,89523,0.0279888509338982,0.08822164235858033,0.3684224843890974
NYUv2,nyu654/nyu_nyu_test_0589,sensor_hole,5066,0.33108104741789507,1.1015368291760357,1.4481737648428217
NYUv2,nyu654/nyu_nyu_test_0589,depth_boundary,5628,0.07512626559938478,0.3056013536902294,0.5888648235595814
NYUv2,nyu654/nyu_nyu_test_0590,full,89523,0.05584640292562574,0.1989873965277652,0.3986369661079716
NYUv2,nyu654/nyu_nyu_test_0590,sensor_hole,32495,0.11148846622318663,0.3785574350784074,0.6248512097110939
NYUv2,nyu654/nyu_nyu_test_0590,depth_boundary,17626,0.12668873046856421,0.40995255532984864,0.6310178304812402
NYUv2,nyu654/nyu_nyu_test_0591,full,89523,0.008539585536068196,0.018908893321802924,0.04439662660695552
NYUv2,nyu654/nyu_nyu_test_0591,sensor_hole,1823,0.060071359492620255,0.10874045385610775,0.1728569773177328
NYUv2,nyu654/nyu_nyu_test_0591,depth_boundary,6161,0.040206356417012735,0.08074524036535019,0.14481948711397316
NYUv2,nyu654/nyu_nyu_test_0592,full,89523,0.014732682511819754,0.044281782382266134,0.20085451861178055
NYUv2,nyu654/nyu_nyu_test_0592,sensor_hole,1266,0.1969486864074804,0.6343271479034123,1.0746100338010325
NYUv2,nyu654/nyu_nyu_test_0592,depth_boundary,8700,0.09153210272135442,0.2766515172075951,0.6146492124183404
NYUv2,nyu654/nyu_nyu_test_0593,full,89523,0.029628427358305485,0.0966522943955831,0.29021354738356386
NYUv2,nyu654/nyu_nyu_test_0593,sensor_hole,17322,0.10486404095906565,0.3657231793545669,0.6429762973319507
NYUv2,nyu654/nyu_nyu_test_0593,depth_boundary,11405,0.09624737916248394,0.3002899764504991,0.6174333879453235
NYUv2,nyu654/nyu_nyu_test_0594,full,89523,0.1048405581665035,0.36931292079094064,0.9373175641434132
NYUv2,nyu654/nyu_nyu_test_0594,sensor_hole,16786,0.5293263413794448,1.8758545728629157,2.1586269087683236
NYUv2,nyu654/nyu_nyu_test_0594,depth_boundary,6719,0.12645283352341605,0.49260390445330543,0.9155994964371236
NYUv2,nyu654/nyu_nyu_test_0595,full,89523,0.028680147227560925,0.1253035040734679,0.3029751783265795
NYUv2,nyu654/nyu_nyu_test_0595,sensor_hole,12599,0.11753274295110988,0.5123207726188288,0.6962409451657537
NYUv2,nyu654/nyu_nyu_test_0595,depth_boundary,12322,0.06255865940198274,0.27645708224619003,0.48196306619062484
NYUv2,nyu654/nyu_nyu_test_0596,full,89523,0.015519331282018127,0.038697053297338635,0.08869945801952218
NYUv2,nyu654/nyu_nyu_test_0596,sensor_hole,4947,0.06030882450335503,0.1364720071810338,0.19296987205808627
NYUv2,nyu654/nyu_nyu_test_0596,depth_boundary,9189,0.0491304601195726,0.1266535081805284,0.22863180636710598
NYUv2,nyu654/nyu_nyu_test_0597,full,89523,0.024009151829756534,0.1151923170536928,0.23412310946907702
NYUv2,nyu654/nyu_nyu_test_0597,sensor_hole,25581,0.047027822077063304,0.23600736078554832,0.39451204136751344
NYUv2,nyu654/nyu_nyu_test_0597,depth_boundary,24819,0.04103173146848717,0.19669700122301295,0.3683952438633733
NYUv2,nyu654/nyu_nyu_test_0598,full,89523,0.025226428662515153,0.09698417713040687,0.2047018413949308
NYUv2,nyu654/nyu_nyu_test_0598,sensor_hole,13581,0.08008217545444726,0.2629186243716347,0.4016159163454316
NYUv2,nyu654/nyu_nyu_test_0598,depth_boundary,21776,0.050957255523237134,0.19254425303801118,0.35173524569284903
NYUv2,nyu654/nyu_nyu_test_0599,full,89523,0.02864707069502922,0.12177558259004274,0.3121760701337754
NYUv2,nyu654/nyu_nyu_test_0599,sensor_hole,19022,0.0779462286325028,0.35008920276845595,0.6071758161931423
NYUv2,nyu654/nyu_nyu_test_0599,depth_boundary,19781,0.07059170466952787,0.30834262733614715,0.5766860200290288
NYUv2,nyu654/nyu_nyu_test_0600,full,89523,0.02038326315240259,0.09946458015285511,0.22140733959798717
NYUv2,nyu654/nyu_nyu_test_0600,sensor_hole,17276,0.06162645732824726,0.2945348734269404,0.4596396916347079
NYUv2,nyu654/nyu_nyu_test_0600,depth_boundary,13750,0.047576288976380235,0.2223927776076577,0.40147231223846586
NYUv2,nyu654/nyu_nyu_test_0601,full,89523,0.019551116767157744,0.11781666017391752,0.47742645873805933
NYUv2,nyu654/nyu_nyu_test_0601,sensor_hole,12365,0.06294749364216021,0.4522151699058449,1.0305919357225877
NYUv2,nyu654/nyu_nyu_test_0601,depth_boundary,12143,0.06321483106843703,0.38763164272322487,0.930578660269872
NYUv2,nyu654/nyu_nyu_test_0602,full,89523,0.022999669616305493,0.12182442933048353,0.31355651248462335
NYUv2,nyu654/nyu_nyu_test_0602,sensor_hole,14928,0.0651116954594807,0.3932579139413238,0.6508469459292442
NYUv2,nyu654/nyu_nyu_test_0602,depth_boundary,19291,0.05225213425388026,0.28648582688386925,0.5567935087947153
NYUv2,nyu654/nyu_nyu_test_0603,full,89523,0.03231339840724717,0.0815727012336914,0.16018480003769794
NYUv2,nyu654/nyu_nyu_test_0603,sensor_hole,19579,0.0794519710038959,0.17520396001273567,0.29823714551196273
NYUv2,nyu654/nyu_nyu_test_0603,depth_boundary,17500,0.07838074878965554,0.1688331334250314,0.3027506235594546
NYUv2,nyu654/nyu_nyu_test_0604,full,89523,0.011303176937706981,0.027156093367108333,0.060416366014998404
NYUv2,nyu654/nyu_nyu_test_0604,sensor_hole,3361,0.05282734154779676,0.13390708785438707,0.20336575770066617
NYUv2,nyu654/nyu_nyu_test_0604,depth_boundary,7152,0.040081396820322815,0.09303466358974209,0.1679978839022949
NYUv2,nyu654/nyu_nyu_test_0605,full,89523,0.033983697444249096,0.08510691793182014,0.15614978537187285
NYUv2,nyu654/nyu_nyu_test_0605,sensor_hole,24255,0.05887583043263054,0.13088756716637187,0.23408309825315346
NYUv2,nyu654/nyu_nyu_test_0605,depth_boundary,12048,0.0713065597043106,0.1639352539729866,0.2976543660793797
NYUv2,nyu654/nyu_nyu_test_0606,full,89523,0.05331946295058176,0.17516150032708427,0.517958991965281
NYUv2,nyu654/nyu_nyu_test_0606,sensor_hole,29536,0.13205735184331532,0.433536901622042,0.8801991455337447
NYUv2,nyu654/nyu_nyu_test_0606,depth_boundary,19380,0.13477072289511793,0.44074270746164157,0.8571284010555696
NYUv2,nyu654/nyu_nyu_test_0607,full,89523,0.05531001681322138,0.1827534055568156,0.5422292237894141
NYUv2,nyu654/nyu_nyu_test_0607,sensor_hole,21238,0.16902234684201273,0.5988996818090565,1.039880782480157
NYUv2,nyu654/nyu_nyu_test_0607,depth_boundary,16139,0.18066108316556365,0.5820690576335416,1.0185917858184261
NYUv2,nyu654/nyu_nyu_test_0608,full,89523,0.10765278252606345,0.31412324250991464,0.5910769132922659
NYUv2,nyu654/nyu_nyu_test_0608,sensor_hole,38361,0.19311522560722333,0.547569574807198,0.8135815898720132
NYUv2,nyu654/nyu_nyu_test_0608,depth_boundary,14969,0.19070728458059763,0.5226651212719784,0.7823571024990645
NYUv2,nyu654/nyu_nyu_test_0609,full,89523,0.0938188273892779,0.2826604209082531,0.547507280171793
NYUv2,nyu654/nyu_nyu_test_0609,sensor_hole,25161,0.2391973264116202,0.6883754444910695,0.9023212799656914
NYUv2,nyu654/nyu_nyu_test_0609,depth_boundary,13037,0.16154487295456385,0.4612403627808789,0.7098471161315082
NYUv2,nyu654/nyu_nyu_test_0610,full,89523,0.07186812791783916,0.29835404831124496,0.6699592390719294
NYUv2,nyu654/nyu_nyu_test_0610,sensor_hole,29402,0.1735567419659369,0.666611789266363,1.089387558964577
NYUv2,nyu654/nyu_nyu_test_0610,depth_boundary,27392,0.14330781266804293,0.5967911273963471,1.0629296030526214
NYUv2,nyu654/nyu_nyu_test_0611,full,89523,0.033510020791521024,0.11423188506742639,0.33431109852227264
NYUv2,nyu654/nyu_nyu_test_0611,sensor_hole,13690,0.12914344482098364,0.42152203533055577,0.7274321808083628
NYUv2,nyu654/nyu_nyu_test_0611,depth_boundary,17648,0.08957549190072378,0.31052173422151336,0.6276213486162117
NYUv2,nyu654/nyu_nyu_test_0612,full,89523,0.04318231710159244,0.17059626348437595,0.36186489885202633
NYUv2,nyu654/nyu_nyu_test_0612,sensor_hole,22245,0.12340116636447476,0.47115098052304577,0.6827839300006763
NYUv2,nyu654/nyu_nyu_test_0612,depth_boundary,19725,0.08656225078441017,0.3227857315827383,0.5250066373237382
NYUv2,nyu654/nyu_nyu_test_0613,full,89523,0.05642719942606717,0.17556215292401572,0.45372082634889743
NYUv2,nyu654/nyu_nyu_test_0613,sensor_hole,18061,0.20025125076039674,0.5443726443589628,0.8789555458391043
NYUv2,nyu654/nyu_nyu_test_0613,depth_boundary,17579,0.1340940333335032,0.3984083044758849,0.7391387483326501
NYUv2,nyu654/nyu_nyu_test_0614,full,89523,0.02403439840182469,0.0701507808852595,0.17166003419754328
NYUv2,nyu654/nyu_nyu_test_0614,sensor_hole,13234,0.06408935322114911,0.17399030096026116,0.3384058518331637
NYUv2,nyu654/nyu_nyu_test_0614,depth_boundary,14886,0.06967670469855772,0.19113330818321314,0.3455852540501894
NYUv2,nyu654/nyu_nyu_test_0615,full,89523,0.022143035390210064,0.07352198804936073,0.19384546758182758
NYUv2,nyu654/nyu_nyu_test_0615,sensor_hole,9993,0.06999055412931862,0.2535074693620068,0.4291765267965662
NYUv2,nyu654/nyu_nyu_test_0615,depth_boundary,17502,0.06474331531166232,0.206478420372977,0.38207879602639333
NYUv2,nyu654/nyu_nyu_test_0616,full,89523,0.015228220220302121,0.059139117242162795,0.1902279451094925
NYUv2,nyu654/nyu_nyu_test_0616,sensor_hole,5996,0.07714175461973095,0.3318107198921341,0.5512882616825746
NYUv2,nyu654/nyu_nyu_test_0616,depth_boundary,14905,0.05077193919928117,0.21057246403180685,0.4330872519630977
NYUv2,nyu654/nyu_nyu_test_0617,full,89523,0.02659604125594222,0.10695529097256264,0.2660400291026545
NYUv2,nyu654/nyu_nyu_test_0617,sensor_hole,14323,0.07959636992737171,0.34093130229530344,0.5643041302944621
NYUv2,nyu654/nyu_nyu_test_0617,depth_boundary,26760,0.05184890105026194,0.19633075079709425,0.38125606351189584
NYUv2,nyu654/nyu_nyu_test_0618,full,89523,0.01052078134164129,0.03595825334246857,0.10023774248782064
NYUv2,nyu654/nyu_nyu_test_0618,sensor_hole,5328,0.0541207514818719,0.207340665810459,0.32266030255452427
NYUv2,nyu654/nyu_nyu_test_0618,depth_boundary,9623,0.04192065704662697,0.1420498710405575,0.25008058577563064
NYUv2,nyu654/nyu_nyu_test_0619,full,89523,0.021809024510099438,0.07880644807440253,0.28189721498200315
NYUv2,nyu654/nyu_nyu_test_0619,sensor_hole,17814,0.05423733719069049,0.18834886742826662,0.398543546986538
NYUv2,nyu654/nyu_nyu_test_0619,depth_boundary,8597,0.1028714991015168,0.40697687432365776,0.7465348785643652
NYUv2,nyu654/nyu_nyu_test_0620,full,89523,0.05405964626869759,0.23142597800041625,0.5737262700416985
NYUv2,nyu654/nyu_nyu_test_0620,sensor_hole,16230,0.22138503676708576,0.9324286151284872,1.2586520633395344
NYUv2,nyu654/nyu_nyu_test_0620,depth_boundary,24401,0.1114898482421847,0.47726898293803743,0.884041550893983
NYUv2,nyu654/nyu_nyu_test_0621,full,89523,0.007791692972937549,0.024756630970153046,0.06780743614014831
NYUv2,nyu654/nyu_nyu_test_0621,sensor_hole,1535,0.06651193848435144,0.22466112627656917,0.4434524898244372
NYUv2,nyu654/nyu_nyu_test_0621,depth_boundary,4405,0.03325756086009021,0.10878280562250352,0.26768684228831485
NYUv2,nyu654/nyu_nyu_test_0622,full,89523,0.05051787958482679,0.2049377927599266,0.5707533946772683
NYUv2,nyu654/nyu_nyu_test_0622,sensor_hole,27107,0.13542217842910714,0.5521383422731663,0.9974054992847193
NYUv2,nyu654/nyu_nyu_test_0622,depth_boundary,19489,0.12731310003226876,0.4974049660031465,0.9038395772312421
NYUv2,nyu654/nyu_nyu_test_0623,full,89523,0.043223548832263634,0.12277586584179179,0.29271155618501354
NYUv2,nyu654/nyu_nyu_test_0623,sensor_hole,28288,0.10078319262561772,0.28247125359353237,0.49798924081502877
NYUv2,nyu654/nyu_nyu_test_0623,depth_boundary,17553,0.09979907030183277,0.2747674028411493,0.467721014317839
NYUv2,nyu654/nyu_nyu_test_0624,full,89523,0.09503245611956612,0.3057030190353348,0.5718074736500578
NYUv2,nyu654/nyu_nyu_test_0624,sensor_hole,54280,0.12944435650444278,0.40248749178169224,0.7028979335367201
NYUv2,nyu654/nyu_nyu_test_0624,depth_boundary,27207,0.1222377775830542,0.3635071983900697,0.6135928487144547
NYUv2,nyu654/nyu_nyu_test_0625,full,89523,0.03074512027610958,0.11587452095917374,0.3005033608413404
NYUv2,nyu654/nyu_nyu_test_0625,sensor_hole,6954,0.14167489641039166,0.5107537790005804,0.7368686271758507
NYUv2,nyu654/nyu_nyu_test_0625,depth_boundary,19646,0.08359272759856237,0.3122636191922366,0.5637886864355243
NYUv2,nyu654/nyu_nyu_test_0626,full,89523,0.019217256438021798,0.0485739350024624,0.1097759538522532
NYUv2,nyu654/nyu_nyu_test_0626,sensor_hole,4071,0.12036370419814868,0.2550652350702382,0.3698468282364165
NYUv2,nyu654/nyu_nyu_test_0626,depth_boundary,10026,0.07538510624961106,0.17117711368397565,0.2834864709950132
NYUv2,nyu654/nyu_nyu_test_0627,full,89523,0.02562066658559561,0.06677980908303768,0.2141912457625778
NYUv2,nyu654/nyu_nyu_test_0627,sensor_hole,6419,0.11407239754715003,0.2721770016328812,0.4916234659217845
NYUv2,nyu654/nyu_nyu_test_0627,depth_boundary,14150,0.09929630634201854,0.26051659333411037,0.5027640554923423
NYUv2,nyu654/nyu_nyu_test_0628,full,89523,0.030387670231339065,0.09008488781539559,0.22767917442747723
NYUv2,nyu654/nyu_nyu_test_0628,sensor_hole,16812,0.09887744356650564,0.30688508655836033,0.49321292771579195
NYUv2,nyu654/nyu_nyu_test_0628,depth_boundary,13654,0.08807907155653646,0.24318414211919268,0.4110238215253158
NYUv2,nyu654/nyu_nyu_test_0629,full,89523,0.061624922528390476,0.12809654579841398,0.38432013315367236
NYUv2,nyu654/nyu_nyu_test_0629,sensor_hole,17817,0.23377953141094795,0.4353341403824851,0.8191177613271342
NYUv2,nyu654/nyu_nyu_test_0629,depth_boundary,14981,0.20854852426199091,0.43488365136035717,0.800905648457047
NYUv2,nyu654/nyu_nyu_test_0630,full,89523,0.02120291806669218,0.09371873746867922,0.254634906863133
NYUv2,nyu654/nyu_nyu_test_0630,sensor_hole,14909,0.06672452526934938,0.2953510720514421,0.5276768160908398
NYUv2,nyu654/nyu_nyu_test_0630,depth_boundary,18655,0.051587614264023474,0.23604270726226667,0.45302686891403693
NYUv2,nyu654/nyu_nyu_test_0631,full,89523,0.02486436614324663,0.07921482091263046,0.207049993158796
NYUv2,nyu654/nyu_nyu_test_0631,sensor_hole,11049,0.09353876236660996,0.2749829130568044,0.4381602938913146
NYUv2,nyu654/nyu_nyu_test_0631,depth_boundary,18350,0.0654022921547495,0.20739096058162096,0.37361062811157153
NYUv2,nyu654/nyu_nyu_test_0632,full,89523,0.02506194251304937,0.08413444947987615,0.21857080467118828
NYUv2,nyu654/nyu_nyu_test_0632,sensor_hole,13066,0.07565554755890785,0.24528162300668813,0.45078363181952924
NYUv2,nyu654/nyu_nyu_test_0632,depth_boundary,19046,0.06727905382226373,0.21539086435167376,0.4269073167244747
NYUv2,nyu654/nyu_nyu_test_0633,full,89523,0.04622989935918048,0.199941904811178,0.47420601827136194
NYUv2,nyu654/nyu_nyu_test_0633,sensor_hole,31491,0.11222608230677054,0.4900893675649175,0.7855269550273697
NYUv2,nyu654/nyu_nyu_test_0633,depth_boundary,10515,0.05357812345785819,0.31826810673538186,0.5932215264616187
NYUv2,nyu654/nyu_nyu_test_0634,full,89523,0.02526560389752697,0.06186905226865067,0.14992844933499477
NYUv2,nyu654/nyu_nyu_test_0634,sensor_hole,19159,0.08816882452854276,0.22723736705881575,0.31523398112628787
NYUv2,nyu654/nyu_nyu_test_0634,depth_boundary,7372,0.0444823289682884,0.09898192739913597,0.16577191150719153
NYUv2,nyu654/nyu_nyu_test_0635,full,89523,0.05579952170588735,0.24431420105340917,0.7498548207056851
NYUv2,nyu654/nyu_nyu_test_0635,sensor_hole,29362,0.1345067584733774,0.6120486973530671,1.290641559217701
NYUv2,nyu654/nyu_nyu_test_0635,depth_boundary,18107,0.08066320865735918,0.3473213364024991,0.7532282582031079
NYUv2,nyu654/nyu_nyu_test_0636,full,89523,0.02000112673962555,0.04692954392393911,0.09911867859821814
NYUv2,nyu654/nyu_nyu_test_0636,sensor_hole,8176,0.07314794541121931,0.14926492156726973,0.2711696925266167
NYUv2,nyu654/nyu_nyu_test_0636,depth_boundary,10334,0.06766086150915576,0.13426756053061326,0.256857050369901
NYUv2,nyu654/nyu_nyu_test_0637,full,89523,0.02029526201540715,0.04572419733181583,0.11327331654982835
NYUv2,nyu654/nyu_nyu_test_0637,sensor_hole,13969,0.07239863747374423,0.17291139543367973,0.2669422628457981
NYUv2,nyu654/nyu_nyu_test_0637,depth_boundary,7115,0.08963594754101216,0.17423511945438988,0.3155515198627884
NYUv2,nyu654/nyu_nyu_test_0638,full,89523,0.015728926805435875,0.06081236974351156,0.20048644198727322
NYUv2,nyu654/nyu_nyu_test_0638,sensor_hole,5390,0.08219091278861594,0.34659170717388005,0.5814734117502616
NYUv2,nyu654/nyu_nyu_test_0638,depth_boundary,13930,0.0582948130776077,0.22496446692849437,0.46930414145379595
NYUv2,nyu654/nyu_nyu_test_0639,full,89523,0.008110098625631773,0.016786569872449277,0.046348371181607846
NYUv2,nyu654/nyu_nyu_test_0639,sensor_hole,5536,0.03000867243826331,0.06846681351348155,0.12327045872760439
NYUv2,nyu654/nyu_nyu_test_0639,depth_boundary,6975,0.03685768040179705,0.07878522216632802,0.13961031180998382
NYUv2,nyu654/nyu_nyu_test_0640,full,89523,0.014275626077221498,0.03295549696764246,0.09063171612083722
NYUv2,nyu654/nyu_nyu_test_0640,sensor_hole,6150,0.0723114932287456,0.14668680528315103,0.2731581250371049
NYUv2,nyu654/nyu_nyu_test_0640,depth_boundary,11017,0.05300457690332609,0.11544838018314348,0.2318396441025741
NYUv2,nyu654/nyu_nyu_test_0641,full,89523,0.015130953768775171,0.045448176150238176,0.14970154937681002
NYUv2,nyu654/nyu_nyu_test_0641,sensor_hole,4051,0.09140015668339282,0.2832596463293124,0.5120928096846806
NYUv2,nyu654/nyu_nyu_test_0641,depth_boundary,11665,0.06579454566677904,0.18933706101664033,0.392649619035134
NYUv2,nyu654/nyu_nyu_test_0642,full,89523,0.01968429990462761,0.05797729049908159,0.1948467286727776
NYUv2,nyu654/nyu_nyu_test_0642,sensor_hole,17863,0.03996595610128227,0.1012332905235092,0.22927701466357098
NYUv2,nyu654/nyu_nyu_test_0642,depth_boundary,8967,0.0792132829950259,0.23323209576613663,0.4418032932337601
NYUv2,nyu654/nyu_nyu_test_0643,full,89523,0.026464081324764105,0.06434063238284943,0.15455198325130978
NYUv2,nyu654/nyu_nyu_test_0643,sensor_hole,16847,0.06898603870263165,0.15759342893292064,0.26287334145584645
NYUv2,nyu654/nyu_nyu_test_0643,depth_boundary,14095,0.08070927136218965,0.1791377595021565,0.33668560430312205
NYUv2,nyu654/nyu_nyu_test_0644,full,89523,0.033226931801565246,0.08816173177685155,0.24408660130514676
NYUv2,nyu654/nyu_nyu_test_0644,sensor_hole,16007,0.10738232018220496,0.24782158486987735,0.4486775952016344
NYUv2,nyu654/nyu_nyu_test_0644,depth_boundary,16458,0.09521407475935748,0.2703085292159229,0.5122298933353646
NYUv2,nyu654/nyu_nyu_test_0645,full,89523,0.06025625022521839,0.23829751544661698,0.7982964217438253
NYUv2,nyu654/nyu_nyu_test_0645,sensor_hole,14918,0.24727402364681106,0.9729085083237313,1.8390096948893448
NYUv2,nyu654/nyu_nyu_test_0645,depth_boundary,21469,0.12355125199858717,0.48099840121007365,1.120864941435621
NYUv2,nyu654/nyu_nyu_test_0646,full,89523,0.019912651524721808,0.052303563434205225,0.16497575323621272
NYUv2,nyu654/nyu_nyu_test_0646,sensor_hole,8422,0.07647918017068384,0.20301596872372288,0.4084648987327071
NYUv2,nyu654/nyu_nyu_test_0646,depth_boundary,11917,0.07307583289838299,0.19711064220004967,0.4144162438409772
NYUv2,nyu654/nyu_nyu_test_0647,full,89523,0.014520620476031624,0.04344121587194831,0.08135856507846925
NYUv2,nyu654/nyu_nyu_test_0647,sensor_hole,7234,0.033456143806822776,0.10746777229853549,0.18938199330132824
NYUv2,nyu654/nyu_nyu_test_0647,depth_boundary,8887,0.03440900776296024,0.09547547645773811,0.18648225182173278
NYUv2,nyu654/nyu_nyu_test_0648,full,89523,0.014808072186462011,0.05173740834795025,0.1650675426172461
NYUv2,nyu654/nyu_nyu_test_0648,sensor_hole,6356,0.0675782805438051,0.24274221228645462,0.4794082960189322
NYUv2,nyu654/nyu_nyu_test_0648,depth_boundary,11051,0.05260674787679302,0.19866423874502862,0.3895582054010308
NYUv2,nyu654/nyu_nyu_test_0649,full,89523,0.011768104311750472,0.038565837508553004,0.09488989154948159
NYUv2,nyu654/nyu_nyu_test_0649,sensor_hole,5581,0.06099482482065066,0.19341898088364634,0.31110433441889884
NYUv2,nyu654/nyu_nyu_test_0649,depth_boundary,11822,0.03510217024827333,0.1141471272393383,0.21088882370235987
NYUv2,nyu654/nyu_nyu_test_0650,full,89523,0.017116921558430948,0.05331166573368592,0.17286111419189618
NYUv2,nyu654/nyu_nyu_test_0650,sensor_hole,7215,0.07713925920026601,0.2616886716209512,0.48566130454553447
NYUv2,nyu654/nyu_nyu_test_0650,depth_boundary,12068,0.07439636334844073,0.22887142217431908,0.4487309492677751
NYUv2,nyu654/nyu_nyu_test_0651,full,89523,0.04206976431119643,0.12428760299994426,0.40723286519021845
NYUv2,nyu654/nyu_nyu_test_0651,sensor_hole,15558,0.1689268507100564,0.5215739227686739,0.9496413467041397
NYUv2,nyu654/nyu_nyu_test_0651,depth_boundary,14918,0.1434855281989612,0.3354994475617775,0.6023179607869679
NYUv2,nyu654/nyu_nyu_test_0652,full,89523,0.030420619874181133,0.08431364571871217,0.22646305396831007
NYUv2,nyu654/nyu_nyu_test_0652,sensor_hole,15427,0.11180215640303945,0.31331903520912857,0.513939704798894
NYUv2,nyu654/nyu_nyu_test_0652,depth_boundary,16677,0.0934088546604241,0.2487010009112801,0.4435387654323894
NYUv2,nyu654/nyu_nyu_test_0653,full,89523,0.036962313899114856,0.13924146650911381,0.43149181058542674
NYUv2,nyu654/nyu_nyu_test_0653,sensor_hole,18767,0.11982815135435457,0.46406907547947546,0.8983261180271527
NYUv2,nyu654/nyu_nyu_test_0653,depth_boundary,17059,0.09029396424957861,0.3066784906858324,0.5814003884660837
NYUv2,nyu654/nyu_nyu_test_0654,full,89523,0.038986098438958804,0.13103610094213353,0.39913209748235773
NYUv2,nyu654/nyu_nyu_test_0654,sensor_hole,17209,0.14036444655836414,0.49747307313105765,0.8822087573054392
NYUv2,nyu654/nyu_nyu_test_0654,depth_boundary,16422,0.11579730065943941,0.36564616609789863,0.6937642341978598
ICL-NUIM,icl_lr_kt3_0000,full,115248,0.011103631379219497,0.026467492864700584,0.05370153046499352
ICL-NUIM,icl_lr_kt3_0000,sensor_hole,656,0.05053157642287641,0.1185702861445706,0.1649576801651941
ICL-NUIM,icl_lr_kt3_0000,depth_boundary,4673,0.05516803524748175,0.11442054925167966,0.18274828623223224
ICL-NUIM,icl_lr_kt3_0015,full,115248,0.011299200074844425,0.02701484633207023,0.05377755919950239
ICL-NUIM,icl_lr_kt3_0015,sensor_hole,702,0.03944004419891148,0.0873829301266249,0.11039475810778417
ICL-NUIM,icl_lr_kt3_0015,depth_boundary,4452,0.06175687507033143,0.12602496958485832,0.20222047293356737
ICL-NUIM,icl_lr_kt3_0031,full,115248,0.008926945013484445,0.02217523567559536,0.044954812670789254
ICL-NUIM,icl_lr_kt3_0031,sensor_hole,703,0.049361269532202046,0.11310617547286184,0.14540621732918985
ICL-NUIM,icl_lr_kt3_0031,depth_boundary,4257,0.043671210072382186,0.09693938299106941,0.1648337542036371
ICL-NUIM,icl_lr_kt3_0047,full,115248,0.008782222319606238,0.021656267835243898,0.05097486366881289
ICL-NUIM,icl_lr_kt3_0047,sensor_hole,715,0.03958599836677441,0.10055496742675354,0.13355829685262754
ICL-NUIM,icl_lr_kt3_0047,depth_boundary,4010,0.05076916410827314,0.1049864237445251,0.19003474509846657
ICL-NUIM,icl_lr_kt3_0062,full,115248,0.007291086256832342,0.019421360870624405,0.03893181004327984
ICL-NUIM,icl_lr_kt3_0062,sensor_hole,682,0.03647612275394779,0.08763547272276669,0.13204749062454588
ICL-NUIM,icl_lr_kt3_0062,depth_boundary,2799,0.03644355078841906,0.08433618290844284,0.1711792021506602
ICL-NUIM,icl_lr_kt3_0078,full,115248,0.006270684390332097,0.017520937609884386,0.030794189383401293
ICL-NUIM,icl_lr_kt3_0078,sensor_hole,743,0.027934673173270003,0.06684102344641293,0.09337167255348312
ICL-NUIM,icl_lr_kt3_0078,depth_boundary,2606,0.024052723919923552,0.06251094438255703,0.11550146658950787
ICL-NUIM,icl_lr_kt3_0094,full,115248,0.00651625074983386,0.019065649851310523,0.03568824412746012
ICL-NUIM,icl_lr_kt3_0094,sensor_hole,726,0.026465195211652595,0.06329750637049189,0.08669826248453434
ICL-NUIM,icl_lr_kt3_0094,depth_boundary,2183,0.028301188104060723,0.08251189016935424,0.1719252479408171
ICL-NUIM,icl_lr_kt3_0109,full,115248,0.007751236904984551,0.02209501489883129,0.04251329372125308
ICL-NUIM,icl_lr_kt3_0109,sensor_hole,766,0.03244623878589399,0.07602921385055422,0.11614134853181259
ICL-NUIM,icl_lr_kt3_0109,depth_boundary,2319,0.03147567894398201,0.08962807058002888,0.17866753955385598
ICL-NUIM,icl_lr_kt3_0125,full,115248,0.00781614692166756,0.022676711596624065,0.035767375106711304
ICL-NUIM,icl_lr_kt3_0125,sensor_hole,744,0.026964503991854016,0.06266550383260173,0.09050747626480596
ICL-NUIM,icl_lr_kt3_0125,depth_boundary,2243,0.03125905769711458,0.08518771268510414,0.14076761872822038
ICL-NUIM,icl_lr_kt3_0141,full,115248,0.0069004749289437485,0.019339829154739807,0.034997996940073335
ICL-NUIM,icl_lr_kt3_0141,sensor_hole,753,0.029233816272299543,0.06752752909464031,0.09099634489413873
ICL-NUIM,icl_lr_kt3_0141,depth_boundary,2403,0.030739458069262267,0.08162049695545566,0.16057969995001434
ICL-NUIM,icl_lr_kt3_0156,full,115248,0.007497284435237192,0.020617877832555313,0.03658002322059696
ICL-NUIM,icl_lr_kt3_0156,sensor_hole,724,0.02825525277170792,0.06510121848701772,0.0868942510796042
ICL-NUIM,icl_lr_kt3_0156,depth_boundary,2400,0.03382600889251536,0.08492766176660856,0.171473485432194
ICL-NUIM,icl_lr_kt3_0172,full,115248,0.0063290260922413315,0.016500860968803543,0.030473748622607807
ICL-NUIM,icl_lr_kt3_0172,sensor_hole,673,0.02760239605052893,0.06573453364010906,0.0882313474906783
ICL-NUIM,icl_lr_kt3_0172,depth_boundary,2165,0.03231153055765193,0.07650746054792515,0.14567224513951932
ICL-NUIM,icl_lr_kt3_0188,full,115248,0.00714293060400961,0.018130797146509607,0.03209985199488675
ICL-NUIM,icl_lr_kt3_0188,sensor_hole,693,0.029332611491316194,0.06977476392473493,0.10578133343446756
ICL-NUIM,icl_lr_kt3_0188,depth_boundary,2267,0.03261755285087983,0.07024694598609779,0.1385585884771648
ICL-NUIM,icl_lr_kt3_0203,full,115248,0.006850449514796081,0.0164372048455941,0.030530384241767856
ICL-NUIM,icl_lr_kt3_0203,sensor_hole,708,0.028954179747160146,0.06953750020366604,0.10008303614064683
ICL-NUIM,icl_lr_kt3_0203,depth_boundary,2392,0.032827382732620036,0.06385441637756832,0.1340056949810303
ICL-NUIM,icl_lr_kt3_0219,full,115248,0.006736744143414317,0.015156541766494608,0.029536441087789897
ICL-NUIM,icl_lr_kt3_0219,sensor_hole,690,0.03113399150433505,0.0732162526552228,0.1124922738023954
ICL-NUIM,icl_lr_kt3_0219,depth_boundary,2394,0.03506464996819465,0.0639837176080734,0.12908297162053764
ICL-NUIM,icl_lr_kt3_0235,full,115248,0.005861316060202973,0.011668667597529393,0.028939512690461713
ICL-NUIM,icl_lr_kt3_0235,sensor_hole,696,0.023150293216081926,0.048009855480029666,0.07095017538656188
ICL-NUIM,icl_lr_kt3_0235,depth_boundary,2888,0.0389662560341837,0.0645538469018038,0.14957423894785585
ICL-NUIM,icl_lr_kt3_0250,full,115248,0.006551338069697024,0.012258473453766834,0.02854679694957937
ICL-NUIM,icl_lr_kt3_0250,sensor_hole,695,0.022071111561120446,0.04071884120968606,0.06202127173033671
ICL-NUIM,icl_lr_kt3_0250,depth_boundary,3186,0.034600922406490375,0.05943076040336192,0.13928398937651057
ICL-NUIM,icl_lr_kt3_0266,full,115248,0.006921776080722212,0.011373615172419733,0.02048626084832161
ICL-NUIM,icl_lr_kt3_0266,sensor_hole,654,0.024362676198002378,0.03950518397016263,0.05271934978694647
ICL-NUIM,icl_lr_kt3_0266,depth_boundary,3561,0.025633484736088313,0.037510877310376056,0.07928491310623097
ICL-NUIM,icl_lr_kt3_0282,full,115248,0.006758648149425408,0.01023126463273259,0.017846477120362036
ICL-NUIM,icl_lr_kt3_0282,sensor_hole,690,0.020840091614124343,0.030156411381735318,0.04007424140839603
ICL-NUIM,icl_lr_kt3_0282,depth_boundary,4053,0.025268750314833447,0.03475275087909525,0.06450063081625942
ICL-NUIM,icl_lr_kt3_0297,full,115248,0.006253430695253204,0.008394715935922772,0.015604934601833943
ICL-NUIM,icl_lr_kt3_0297,sensor_hole,675,0.023915752443033254,0.030811567394821732,0.04633808841503366
ICL-NUIM,icl_lr_kt3_0297,depth_boundary,3843,0.02452988063423097,0.03174945131242818,0.056193939933015684
ICL-NUIM,icl_lr_kt3_0313,full,115248,0.006452667888522299,0.007562093152265722,0.018028583686433588
ICL-NUIM,icl_lr_kt3_0313,sensor_hole,653,0.021044788439283386,0.027508918121799394,0.04656004062411304
ICL-NUIM,icl_lr_kt3_0313,depth_boundary,2778,0.04517973573011401,0.053885306554187364,0.08899745555615624
ICL-NUIM,icl_lr_kt3_0329,full,115248,0.006398402586325735,0.006238067853385403,0.013780481205189111
ICL-NUIM,icl_lr_kt3_0329,sensor_hole,645,0.021976770179028066,0.02391646610674008,0.03531783380304918
ICL-NUIM,icl_lr_kt3_0329,depth_boundary,2679,0.04134797897509032,0.039847758733856896,0.07079858921799562
ICL-NUIM,icl_lr_kt3_0345,full,115248,0.006651346978182978,0.005529561868359211,0.014302574495564548
ICL-NUIM,icl_lr_kt3_0345,sensor_hole,610,0.02062830688241167,0.019685940762035184,0.0365724611621495
ICL-NUIM,icl_lr_kt3_0345,depth_boundary,2895,0.048770623661480834,0.04032789892895028,0.07621136226444038
ICL-NUIM,icl_lr_kt3_0360,full,115248,0.0064291022809069105,0.00451828153111174,0.012888187253665237
ICL-NUIM,icl_lr_kt3_0360,sensor_hole,638,0.021531158703302175,0.01954479646346412,0.03098173107479844
ICL-NUIM,icl_lr_kt3_0360,depth_boundary,2914,0.048819228062483046,0.034750180338127774,0.06894083685533002
ICL-NUIM,icl_lr_kt3_0376,full,115248,0.007380274377630985,0.004578892713717524,0.014360475851112569
ICL-NUIM,icl_lr_kt3_0376,sensor_hole,588,0.03230088130974282,0.024095688724801653,0.047172958377915256
ICL-NUIM,icl_lr_kt3_0376,depth_boundary,2440,0.05968617782200235,0.03977562935381639,0.08175123480434639
ICL-NUIM,icl_lr_kt3_0392,full,115248,0.006037058435774763,0.0038047239828793255,0.011967913155480755
ICL-NUIM,icl_lr_kt3_0392,sensor_hole,615,0.01845424518072878,0.01568462608790979,0.0343945907021544
ICL-NUIM,icl_lr_kt3_0392,depth_boundary,2351,0.05847954469478994,0.037423778092389615,0.07319984393034625
ICL-NUIM,icl_lr_kt3_0407,full,115248,0.006557052774733915,0.004214554993423069,0.016981275683783333
ICL-NUIM,icl_lr_kt3_0407,sensor_hole,619,0.018189834011006992,0.01672249317458065,0.021628703363512816
ICL-NUIM,icl_lr_kt3_0407,depth_boundary,2722,0.068772082893611,0.04619268781774452,0.10304816524183794
ICL-NUIM,icl_lr_kt3_0423,full,115248,0.006867389610540112,0.005174547668914157,0.01927675258422646
ICL-NUIM,icl_lr_kt3_0423,sensor_hole,646,0.02535736304093888,0.023716492549553745,0.030337005628101807
ICL-NUIM,icl_lr_kt3_0423,depth_boundary,1901,0.08339222943828556,0.06100085162915787,0.13299779839821346
ICL-NUIM,icl_lr_kt3_0439,full,115248,0.008235727376668372,0.007301834896522339,0.02612701937907663
ICL-NUIM,icl_lr_kt3_0439,sensor_hole,629,0.03833673858124828,0.039236422397184445,0.059975184274817864
ICL-NUIM,icl_lr_kt3_0439,depth_boundary,1963,0.1067283595627833,0.0916659744552247,0.17295382803321854
ICL-NUIM,icl_lr_kt3_0454,full,115248,0.009085517619863516,0.008381314808147229,0.024064701564344107
ICL-NUIM,icl_lr_kt3_0454,sensor_hole,629,0.02788432239764336,0.02703618664525461,0.047543213261146966
ICL-NUIM,icl_lr_kt3_0454,depth_boundary,2875,0.08663607492761155,0.07667388229266457,0.1294039252629453
ICL-NUIM,icl_lr_kt3_0470,full,115248,0.009403890284906511,0.008231559677940887,0.024208210247606016
ICL-NUIM,icl_lr_kt3_0470,sensor_hole,659,0.02716984099808149,0.02281236603336016,0.039920325455826966
ICL-NUIM,icl_lr_kt3_0470,depth_boundary,3106,0.08947068687369297,0.07749452141604728,0.12701511281613026
ICL-NUIM,icl_lr_kt3_0486,full,115248,0.012013014146221895,0.00847657567504796,0.02330845370598894
ICL-NUIM,icl_lr_kt3_0486,sensor_hole,638,0.02346235868010855,0.02220965323963883,0.037469320783018276
ICL-NUIM,icl_lr_kt3_0486,depth_boundary,3283,0.0877452086252777,0.07291749420232828,0.1157474159724431
ICL-NUIM,icl_lr_kt3_0501,full,115248,0.027595527926312365,0.011199090231065698,0.029154413423301374
ICL-NUIM,icl_lr_kt3_0501,sensor_hole,638,0.034440734313838955,0.031669829963329815,0.0605300718561935
ICL-NUIM,icl_lr_kt3_0501,depth_boundary,3052,0.13103029333056831,0.08405076299805003,0.1323520319825263
ICL-NUIM,icl_lr_kt3_0517,full,115248,0.014592385873785963,0.009923971751499231,0.03233574604683687
ICL-NUIM,icl_lr_kt3_0517,sensor_hole,652,0.03294721457454363,0.03152967628342974,0.04489435255968675
ICL-NUIM,icl_lr_kt3_0517,depth_boundary,3047,0.13613417179409698,0.0898341662792992,0.14577171136113531
ICL-NUIM,icl_lr_kt3_0533,full,115248,0.008635329511375635,0.009458695629496021,0.030324979470756835
ICL-NUIM,icl_lr_kt3_0533,sensor_hole,633,0.023858384086611166,0.02750727764991411,0.0451372806749265
ICL-NUIM,icl_lr_kt3_0533,depth_boundary,3497,0.07300701462963376,0.07818100937850686,0.1281131840636143
ICL-NUIM,icl_lr_kt3_0548,full,115248,0.009768435693618946,0.009737492352413763,0.025528193410788047
ICL-NUIM,icl_lr_kt3_0548,sensor_hole,659,0.04479708583480345,0.04343537857391404,0.0832497942576595
ICL-NUIM,icl_lr_kt3_0548,depth_boundary,3557,0.07439943797942025,0.06933748884619305,0.10034124696184195
ICL-NUIM,icl_lr_kt3_0564,full,115248,0.007300445439486547,0.00733965220102813,0.016674975872921338
ICL-NUIM,icl_lr_kt3_0564,sensor_hole,623,0.03057633867253315,0.031696026914575126,0.04486261754423418
ICL-NUIM,icl_lr_kt3_0564,depth_boundary,2421,0.07790996236234632,0.06574177724770502,0.09246184781102922
ICL-NUIM,icl_lr_kt3_0580,full,115248,0.008865194351728336,0.009330181668713062,0.020825568164352267
ICL-NUIM,icl_lr_kt3_0580,sensor_hole,642,0.04079515139709457,0.041487882395399696,0.0667047404194122
ICL-NUIM,icl_lr_kt3_0580,depth_boundary,1074,0.1589031195035119,0.12357358592848539,0.15944537047672272
ICL-NUIM,icl_lr_kt3_0595,full,115248,0.009055557330858607,0.009147572523394376,0.026914776382208204
ICL-NUIM,icl_lr_kt3_0595,sensor_hole,675,0.03166449156235715,0.03858825718915021,0.06652604113665887
ICL-NUIM,icl_lr_kt3_0595,depth_boundary,1827,0.1731002687425575,0.11211922193852421,0.1697031491017494
ICL-NUIM,icl_lr_kt3_0611,full,115248,0.004825633016349665,0.006033673721510313,0.015078321124873768
ICL-NUIM,icl_lr_kt3_0611,sensor_hole,716,0.025645807891183207,0.04729232046357746,0.07720610739605929
ICL-NUIM,icl_lr_kt3_0611,depth_boundary,1476,0.040251053161131235,0.04251350900587351,0.06277166654387055
ICL-NUIM,icl_lr_kt3_0627,full,115248,0.0048668935913288355,0.0079091976168014,0.019157066294126435
ICL-NUIM,icl_lr_kt3_0627,sensor_hole,738,0.02189403847215931,0.04588883242956022,0.0709774568195835
ICL-NUIM,icl_lr_kt3_0627,depth_boundary,1890,0.019614579759074654,0.037735830602191746,0.057100820747146945
ICL-NUIM,icl_lr_kt3_0643,full,115248,0.005268945683894029,0.007941936624889222,0.0200035710035134
ICL-NUIM,icl_lr_kt3_0643,sensor_hole,734,0.018971294581193607,0.032751469261314954,0.06364133175893744
ICL-NUIM,icl_lr_kt3_0643,depth_boundary,2494,0.02354713209058,0.04353352363050319,0.07056133856669423
ICL-NUIM,icl_lr_kt3_0658,full,115248,0.005658384984519121,0.009140971653689928,0.021793372958200927
ICL-NUIM,icl_lr_kt3_0658,sensor_hole,731,0.016141721077782587,0.030869322542289704,0.05784920703889157
ICL-NUIM,icl_lr_kt3_0658,depth_boundary,3806,0.01983597333590676,0.04489623078282607,0.06299698095177074
ICL-NUIM,icl_lr_kt3_0674,full,113145,0.006669405026042965,0.011309021479558036,0.030097165449831337
ICL-NUIM,icl_lr_kt3_0674,sensor_hole,593,0.021640980329408574,0.03622106567000056,0.07377075196066597
ICL-NUIM,icl_lr_kt3_0674,depth_boundary,6512,0.020070626439888224,0.04297407412631506,0.07261723735546323
ICL-NUIM,icl_lr_kt3_0690,full,109114,0.008304472825277982,0.013759512398484485,0.03886820889007901
ICL-NUIM,icl_lr_kt3_0690,sensor_hole,622,0.017343577628092185,0.02796437119364355,0.06628181184490083
ICL-NUIM,icl_lr_kt3_0690,depth_boundary,8714,0.02120504889353488,0.04497867017225139,0.08349696869940249
ICL-NUIM,icl_lr_kt3_0705,full,108867,0.00892787269013735,0.013548573912385224,0.0450679078078244
ICL-NUIM,icl_lr_kt3_0705,sensor_hole,679,0.030912488116803746,0.03719191940087106,0.08074196254351526
ICL-NUIM,icl_lr_kt3_0705,depth_boundary,7518,0.017408106895595476,0.04007769652933921,0.09896096750120874
ICL-NUIM,icl_lr_kt3_0721,full,106293,0.008433974851853585,0.014984678282220533,0.054645468144519614
ICL-NUIM,icl_lr_kt3_0721,sensor_hole,618,0.023095097454052922,0.03205811273318664,0.06768482795163674
ICL-NUIM,icl_lr_kt3_0721,depth_boundary,7936,0.01873770841352994,0.041619264025000796,0.1044155637478621
ICL-NUIM,icl_lr_kt3_0737,full,103949,0.013019069209300656,0.024391780139944676,0.09597443850582242
ICL-NUIM,icl_lr_kt3_0737,sensor_hole,1298,0.07270990002481123,0.1712633049910535,0.3750551960035439
ICL-NUIM,icl_lr_kt3_0737,depth_boundary,11747,0.03431658187779509,0.06563042245175449,0.13713995177089408
ICL-NUIM,icl_lr_kt3_0752,full,102013,0.016596476768660887,0.03100264389757892,0.09370211785105803
ICL-NUIM,icl_lr_kt3_0752,sensor_hole,2001,0.09979195214869434,0.21566307351834652,0.3276398265790836
ICL-NUIM,icl_lr_kt3_0752,depth_boundary,13210,0.060016967965262444,0.11083962710223173,0.19322539098658847
ICL-NUIM,icl_lr_kt3_0768,full,99522,0.018772849305878036,0.03432913708692458,0.10186550860711235
ICL-NUIM,icl_lr_kt3_0768,sensor_hole,1844,0.12193356378565715,0.2506103266167925,0.3936460774348527
ICL-NUIM,icl_lr_kt3_0768,depth_boundary,13816,0.06295007722714127,0.11396160262750626,0.21251260727588
ICL-NUIM,icl_lr_kt3_0784,full,96832,0.013703813752226249,0.02439142953541674,0.07099230612976601
ICL-NUIM,icl_lr_kt3_0784,sensor_hole,915,0.04663062340478763,0.08488636111301151,0.187620748514338
ICL-NUIM,icl_lr_kt3_0784,depth_boundary,12848,0.021227513331441118,0.03952364489473263,0.09051812305483031
ICL-NUIM,icl_lr_kt3_0799,full,93498,0.02985993933832326,0.02931090522371906,0.056329157576237486
ICL-NUIM,icl_lr_kt3_0799,sensor_hole,813,0.08328719384029683,0.0877346052234903,0.11656561105991016
ICL-NUIM,icl_lr_kt3_0799,depth_boundary,12475,0.02811536833776119,0.04385336288230453,0.09217099168300215
ICL-NUIM,icl_lr_kt3_0815,full,92341,0.011298256876280369,0.023044020572994327,0.050428152104336356
ICL-NUIM,icl_lr_kt3_0815,sensor_hole,1026,0.03023881703768617,0.058519920700939546,0.09136110469928901
ICL-NUIM,icl_lr_kt3_0815,depth_boundary,12609,0.02078086383840721,0.04283618374870737,0.09866022276059346
ICL-NUIM,icl_lr_kt3_0831,full,92907,0.012857622434845376,0.027280236955482342,0.05511520669544088
ICL-NUIM,icl_lr_kt3_0831,sensor_hole,1106,0.023241260080990388,0.04717551939741828,0.07681347498221332
ICL-NUIM,icl_lr_kt3_0831,depth_boundary,14458,0.023184083404115503,0.045456700926747855,0.09419982372554549
ICL-NUIM,icl_lr_kt3_0846,full,91547,0.015965790354030163,0.03598473102314314,0.07901973963915555
ICL-NUIM,icl_lr_kt3_0846,sensor_hole,1078,0.03726411875163203,0.0880647772760692,0.14826391996717672
ICL-NUIM,icl_lr_kt3_0846,depth_boundary,7523,0.037845799774681985,0.08131939726561668,0.14445050050270505
ICL-NUIM,icl_lr_kt3_0862,full,88104,0.013332430887098729,0.02918781192673386,0.060102568045293785
ICL-NUIM,icl_lr_kt3_0862,sensor_hole,1026,0.06019671200968525,0.11649414557113982,0.2243558310302031
ICL-NUIM,icl_lr_kt3_0862,depth_boundary,4831,0.0372797993025314,0.08886649104730113,0.15974463459784816
ICL-NUIM,icl_lr_kt3_0878,full,82358,0.017044814190819955,0.04224271965963647,0.07451533524962434
ICL-NUIM,icl_lr_kt3_0878,sensor_hole,842,0.033333051496462214,0.07561626626873243,0.11003334588995654
ICL-NUIM,icl_lr_kt3_0878,depth_boundary,4970,0.04400063910242456,0.10174716629492685,0.17699091659095212
ICL-NUIM,icl_lr_kt3_0893,full,81092,0.016415105002095098,0.04279696762470655,0.07741091882326384
ICL-NUIM,icl_lr_kt3_0893,sensor_hole,889,0.04846206711966675,0.10719088923408157,0.18132164414375812
ICL-NUIM,icl_lr_kt3_0893,depth_boundary,5122,0.04149602941262185,0.10073048723530649,0.17320040661727962
ICL-NUIM,icl_lr_kt3_0909,full,90122,0.014470800949484882,0.04062289155245711,0.09347968339241537
ICL-NUIM,icl_lr_kt3_0909,sensor_hole,929,0.06999962314611,0.19776712359601895,0.4351835446126308
ICL-NUIM,icl_lr_kt3_0909,depth_boundary,5037,0.047384601354754384,0.12488426829889603,0.24355003491605082
ICL-NUIM,icl_lr_kt3_0925,full,100368,0.011685290988305631,0.030115893825938517,0.06856552952016844
ICL-NUIM,icl_lr_kt3_0925,sensor_hole,825,0.06276151100819026,0.16035218874613444,0.309012065075012
ICL-NUIM,icl_lr_kt3_0925,depth_boundary,5014,0.0404743884797699,0.09719883076070931,0.17851059805813538
ICL-NUIM,icl_lr_kt3_0941,full,106980,0.01098122815798767,0.02776414777412885,0.05937173690884949
ICL-NUIM,icl_lr_kt3_0941,sensor_hole,747,0.07077806240323904,0.13340303042487128,0.2733306584390069
ICL-NUIM,icl_lr_kt3_0941,depth_boundary,4895,0.04006134048399829,0.0917276363694266,0.15354635174983178
ICL-NUIM,icl_lr_kt3_0956,full,115248,0.008403957119494524,0.02066216153066435,0.04381503042290701
ICL-NUIM,icl_lr_kt3_0956,sensor_hole,773,0.08363835737745931,0.14309103127670164,0.2863039692335861
ICL-NUIM,icl_lr_kt3_0956,depth_boundary,3807,0.030424716540513954,0.06801116472784853,0.10561855518332601
ICL-NUIM,icl_lr_kt3_0972,full,115248,0.007461992874706166,0.022116124926839092,0.03649593126072967
ICL-NUIM,icl_lr_kt3_0972,sensor_hole,725,0.03403537407595775,0.06750010243777571,0.09926983862179126
ICL-NUIM,icl_lr_kt3_0972,depth_boundary,1623,0.03368697110648822,0.10461046500332327,0.1533630906881754
ICL-NUIM,icl_lr_kt3_0988,full,115248,0.006048893138660561,0.017799201601291056,0.035847156793132266
ICL-NUIM,icl_lr_kt3_0988,sensor_hole,735,0.029553091794822857,0.05640905276447737,0.08073272280657791
ICL-NUIM,icl_lr_kt3_0988,depth_boundary,1775,0.03768569065859957,0.11666894563486878,0.18566972731595732
ICL-NUIM,icl_lr_kt3_1003,full,115248,0.005904542876033312,0.017452637827240824,0.03367195573927779
ICL-NUIM,icl_lr_kt3_1003,sensor_hole,739,0.032397612668471854,0.07309359642746323,0.09877573178870126
ICL-NUIM,icl_lr_kt3_1003,depth_boundary,1945,0.03110008667846429,0.09306368202660568,0.15413544148168454
ICL-NUIM,icl_lr_kt3_1019,full,115248,0.005594276369763791,0.016251216784138225,0.03128973917437672
ICL-NUIM,icl_lr_kt3_1019,sensor_hole,738,0.04726116457374339,0.0921939272221511,0.13519881517508076
ICL-NUIM,icl_lr_kt3_1019,depth_boundary,1373,0.022944795190061817,0.0724754993358148,0.13930757097423743
ICL-NUIM,icl_lr_kt3_1035,full,115248,0.005380917400529655,0.016260405221192948,0.030844375850148688
ICL-NUIM,icl_lr_kt3_1035,sensor_hole,786,0.02460783994756138,0.05261949637463985,0.07692870932539678
ICL-NUIM,icl_lr_kt3_1035,depth_boundary,1473,0.025743889404450406,0.07915593245688217,0.16536522671072978
ICL-NUIM,icl_lr_kt3_1050,full,115248,0.005896529978578983,0.0176682522385696,0.033965619349001885
ICL-NUIM,icl_lr_kt3_1050,sensor_hole,759,0.02901737881744149,0.0633631390231086,0.0906261810816864
ICL-NUIM,icl_lr_kt3_1050,depth_boundary,1547,0.029505070109002315,0.0911169087570871,0.17769915418400384
ICL-NUIM,icl_lr_kt3_1066,full,115248,0.005985750433777943,0.01843614972880627,0.032815684726634715
ICL-NUIM,icl_lr_kt3_1066,sensor_hole,728,0.02376227037983864,0.05204845833909381,0.07644674903693666
ICL-NUIM,icl_lr_kt3_1066,depth_boundary,1749,0.024934182706344024,0.07595896039300813,0.1534737796983473
ICL-NUIM,icl_lr_kt3_1082,full,115248,0.006387282187057905,0.018820195246136685,0.03570795379633706
ICL-NUIM,icl_lr_kt3_1082,sensor_hole,733,0.03470745289822222,0.07618936249861775,0.10830421395065648
ICL-NUIM,icl_lr_kt3_1082,depth_boundary,2130,0.02758764685654342,0.0814723273398171,0.16407514008517618
ICL-NUIM,icl_lr_kt3_1097,full,115248,0.006454344391050138,0.01893267885634556,0.036018173479602116
ICL-NUIM,icl_lr_kt3_1097,sensor_hole,720,0.029303195544965303,0.06525697790914112,0.08481628550010231
ICL-NUIM,icl_lr_kt3_1097,depth_boundary,2179,0.031337105350509646,0.0898258538353383,0.1769194492808838
ICL-NUIM,icl_lr_kt3_1113,full,115248,0.006729093259063848,0.018987350270315523,0.03222651173006376
ICL-NUIM,icl_lr_kt3_1113,sensor_hole,701,0.022606711098829294,0.05119518410632341,0.07533265067336331
ICL-NUIM,icl_lr_kt3_1113,depth_boundary,2089,0.031974701869118646,0.08535947521204239,0.15223812648712948
ICL-NUIM,icl_lr_kt3_1129,full,115248,0.006650653185972515,0.018724784516723856,0.03195735568513929
ICL-NUIM,icl_lr_kt3_1129,sensor_hole,767,0.02279455622270794,0.0524352307114483,0.07332768576386701
ICL-NUIM,icl_lr_kt3_1129,depth_boundary,1896,0.03048806572151943,0.07843980331461138,0.15653769636494524
ICL-NUIM,icl_lr_kt3_1144,full,115248,0.006548893534055166,0.017871895471157737,0.028975108839044025
ICL-NUIM,icl_lr_kt3_1144,sensor_hole,729,0.02046773906248747,0.047757077282511814,0.059799945628047524
ICL-NUIM,icl_lr_kt3_1144,depth_boundary,1937,0.030396676879775195,0.07323317769020565,0.135543916280277
ICL-NUIM,icl_lr_kt3_1160,full,115248,0.00713222658326351,0.018519326366973423,0.03193074411233341
ICL-NUIM,icl_lr_kt3_1160,sensor_hole,675,0.028468551095158664,0.06848935621756094,0.0937174920604511
ICL-NUIM,icl_lr_kt3_1160,depth_boundary,2146,0.02921965904362894,0.06759337854518695,0.11368537434409631
ICL-NUIM,icl_lr_kt3_1176,full,115248,0.0070514137795983905,0.01763343637984742,0.029632438004452182
ICL-NUIM,icl_lr_kt3_1176,sensor_hole,705,0.030521425049985985,0.07400669662664969,0.0996550658690767
ICL-NUIM,icl_lr_kt3_1176,depth_boundary,2314,0.027856006236044763,0.06145242436136165,0.10944325758330083
ICL-NUIM,icl_lr_kt3_1191,full,115248,0.00750884011320721,0.017713755658810525,0.0303715798837008
ICL-NUIM,icl_lr_kt3_1191,sensor_hole,688,0.032605320545582454,0.0746450885090717,0.10239853735150989
ICL-NUIM,icl_lr_kt3_1191,depth_boundary,2391,0.03275463372985667,0.06649124373057456,0.12197511254417556
ICL-NUIM,icl_lr_kt3_1207,full,115248,0.006513926644860206,0.013979734980396376,0.030304373125050927
ICL-NUIM,icl_lr_kt3_1207,sensor_hole,697,0.025342341601804347,0.05355589872111207,0.07892277667530002
ICL-NUIM,icl_lr_kt3_1207,depth_boundary,2295,0.042483161280856774,0.07588333532960846,0.15698033982781667
ICL-NUIM,icl_lr_kt3_1223,full,115248,0.006620090802727166,0.01308977641770364,0.02551086448477855
ICL-NUIM,icl_lr_kt3_1223,sensor_hole,691,0.02103080669164674,0.0443730673465646,0.06868792304921445
ICL-NUIM,icl_lr_kt3_1223,depth_boundary,2504,0.033963259639825674,0.059509009170456054,0.1152676285789309
ICL-NUIM,icl_lr_kt3_1239,full,115248,0.006669165807947156,0.012058262467719474,0.020758252800590956
ICL-NUIM,icl_lr_kt3_1239,sensor_hole,684,0.024428975937011065,0.04480949610646008,0.06211668402953349
ICL-NUIM,icl_lr_kt3_1239,depth_boundary,2654,0.028714769031613335,0.04755305498276964,0.0807956385560483
